Date,Tank_ID,pH_Treatment,Temp_Treatment,Temp_C,pH,mV,DO_mgL,DO_Percent,Conductivity,Salinity,TA,K1,K2,pCO2,pCO2insitu,HCO3,CO3,DIC,OmegaAragonite,OmegaCalcite
2022-08-16,TNK_2,Low,14,14.158,7.790570768357563,-76.6,13.45,130.7,50.4,33,2295.85838883838,NA,NA,786.265330833372,786.2653399524618,2079.621393380145,87.66438670432044,2197.7996753704883,1.352645933780695,2.118681314045067
2022-08-16,TNK_3,Low,16,17.266,7.906531987917979,-84.5,9.14,116,49.8,32.7,2257.31550880304,NA,NA,580.2038612763133,580.2038659285416,1960.3886968711433,120.61557321199797,2101.564103837547,1.8807864265745127,2.9278791939626023
2022-08-16,TNK_4,Low,18,20.916,7.6943895052310545,-73.6,6.66,90.4,50,32.8,2365.70703174326,NA,NA,1056.4888365800718,1056.48885087337,2139.9389850636685,92.8854456297172,2266.5880591979126,1.4674266137540324,2.263244088020502
2022-08-16,TNK_5,Low,20,21.848,7.620337798731322,-69.6,8.21,94.9,50.1,32.9,2303.44318752073,NA,NA,1240.9544637268964,1240.954483067969,2108.0214970691,80.07667509318578,2226.7482771938594,1.2693768438850863,1.9524499866918739
2022-08-16,TNK_6,Low,22,21.93,7.756469735106542,-77.6,8.37,96,50.1,32.9,2292.59194101709,NA,NA,875.4531069098118,875.4531165187208,2033.5937864358598,106.01015449130833,2166.8106823415847,1.6810626519570029,2.5850958003381534
2022-08-16,TNK_7,Low,24,24.001,7.681347242620784,-74,6.47,92.9,49.9,32.7,2296.17185028237,NA,NA,1068.4531131873225,1068.4531269008182,2059.9537905353127,97.00576301450046,2188.4489400843263,1.5542523284310283,2.377459722590551
2022-08-16,TNK_8,Low,26,31.07,7.705932991983612,-78.2,5.32,85.2,50.5,33,2254.7740922840394,NA,NA,992.4352887555616,992.4352989825063,1947.5383874350214,126.25468117433738,2098.4219823325034,2.0989474821439,3.137548397083866
2022-08-16,TNK_9,Low,12,18.17,7.440628439332909,-58,8.33,107.2,49,32.2,2280.98087955248,NA,NA,1889.6836745327794,1889.6837229784212,2166.8789299573914,46.59514162659183,2278.9185690775334,0.7303701454119261,1.1359640276113687
2022-08-16,TNK_10,Ambient,14,13.915,8.114720965972237,-95,8.9,106,50.1,32.8,2284.82225005071,NA,NA,336.39838802618715,336.39838970410705,1878.6931083783713,164.67357566610067,2056.5364400320914,2.541252558224307,3.9842319452576382
2022-08-16,TNK_11,Ambient,16,17.456,7.801145150231276,-78.5,7.8,99.5,49.8,32.7,2271.72047974074,NA,NA,766.4761951203466,766.476203207166,2029.2060375723947,98.65625959780654,2154.873501357215,1.5393491985346817,2.3952888268004275
2022-08-16,TNK_12,Ambient,18,19.02,7.827412475365114,-80.6,7.57,99.4,50.1,32.9,2284.8450524773198,NA,NA,722.5591188832046,722.5591258377294,2012.9763475949694,110.84069545125112,2148.13788522043,1.7374729029542155,2.692119884904383
2022-08-16,TNK_13,Ambient,20,22.235,7.974554168237956,-90.5,8.81,101.8,50.1,32.9,2248.3935472723397,NA,NA,483.5723427246614,483.57234563777797,1852.5095156151556,161.3744278510529,2028.7905251098882,2.562367848826005,3.937067390727424
2022-08-16,TNK_14,Ambient,22,25.046,7.879556383289591,-86.1,6.15,90.7,50.2,32.9,2294.0192836439,NA,NA,637.390224460846,637.3902292358348,1929.07942233026,149.73521554587586,2097.0841657350375,2.408718467506967,3.6714392449185578
2022-08-16,TNK_15,Ambient,24,29.954,7.826338084700722,-85,7.03,98.5,50.4,32.9,2257.36331189182,NA,NA,722.5659823849486,722.5659879318433,1881.5300470864704,154.27337610724865,2054.2062677262006,2.5489632781584532,3.8256264747725903
2022-08-16,TNK_16,Ambient,26,31.952,7.94807747456489,-93.2,5.46,80.6,50.9,33.2,2280.20319399051,NA,NA,519.3489789004874,519.348981650293,1772.9655775764047,208.1688821325774,1993.7575145822884,3.475556213371478,5.176819008486735
2022-08-16,TNK_18,Ambient,12,15.205,7.917769260736715,-84.3,11.8,112.9,50.2,32.8,2272.10671598968,NA,NA,564.5497862964268,564.5497908955311,1985.5739021989718,116.19848058842794,2123.02209800665,1.7995818817371603,2.813788105174871
2022-08-16,TNK_SMP,Sump,10,10.199,8.07885130792938,-91.3,11.22,123,50.9,33.2,2214.9843757131393,NA,NA,356.1441949533666,356.1441969877508,1883.0880506869535,132.8534873183871,2031.595425817839,2.0302507650757753,3.202541241574088
2022-08-17,TNK_2,Low,14,14.186,7.687999490398181,-70.9,10.4,124,49.05,32,2295.85838883838,NA,NA,1021.8771231388375,1021.8771385409242,2126.064998298319,69.09031180779003,2235.030062581923,1.070155898927437,1.680157633439826
2022-08-17,TNK_3,Low,16,14.612,7.687265047781525,-70.9,9.9,118.6,50,32.8,2257.31550880304,NA,NA,1003.3515012304982,1003.3515159406212,2084.0118909729117,70.12040246118045,2192.58292097729,1.0841414835912286,1.697284163148066
2022-08-17,TNK_4,Low,18,18.074,7.7314981702209575,-74.7,8.57,110.9,50,32.8,2365.70703174326,NA,NA,954.0333668965891,954.0333792638469,2143.5448865747744,91.09989313576797,2267.651838092669,1.4238425661079648,2.211784326624338
2022-08-17,TNK_5,Low,20,19.308,7.72573448933789,-74.8,8.23,108,50.2,33,2303.44318752073,NA,NA,944.3938723893809,944.3938841980215,2078.682298285075,91.78180260498256,2201.975950231971,1.4395844624495584,2.2284374021324482
2022-08-17,TNK_6,Low,22,20.565,7.7159276238302805,-74.7,7.45,100.7,50.2,33,2292.59194101709,NA,NA,966.8625498120982,966.862561869187,2064.025158715948,93.39065753755376,2188.5737342442444,1.4719163044194503,2.2711763009995063
2022-08-17,TNK_7,Low,24,20.846,7.73640580339972,-76,7.64,102.2,50.2,33,2296.17185028237,NA,NA,920.0201813869867,920.0201922403511,2055.215409086167,98.50856100761695,2183.1457260012126,1.554327168164698,2.396572267248361
2022-08-17,TNK_8,Low,26,25.022,7.730791678729558,-77.3,6.66,97.7,50.1,32.8,2254.7740922840394,NA,NA,925.4753070088698,925.4753170818542,1988.1082649741227,109.18597694218752,2123.853432246993,1.7571495135395954,2.6791572335508245
2022-08-17,TNK_9,Low,12,15.623,7.710871661555347,-72.6,8.57,105.3,50.2,32.9,2280.98087955248,NA,NA,959.4228945982642,959.4229077646125,2090.3072472753297,77.38365054889073,2203.330805724038,1.1994302710826499,1.873266301162361
2022-08-17,TNK_10,Ambient,14,13.004,7.935079039932957,-84.4,9.18,107.4,50.2,32.8,2284.82225005071,NA,NA,540.1162508823886,540.1162552920157,2007.33808407105,112.32710240115385,2141.4172780654058,1.7294364748842874,2.716406327688372
2022-08-17,TNK_11,Ambient,16,15.958,7.923166680636928,-84.9,8.18,101.4,50.2,32.9,2271.72047974074,NA,NA,557.0503798377414,557.0503842448915,1974.2602301926136,120.69500709274661,2115.4424599491545,1.8726290178921083,2.922503540074008
2022-08-17,TNK_12,Ambient,18,17.33,7.899602238875049,-84.1,7.92,100.8,50.1,32.9,2284.8450524773198,NA,NA,597.3463947884545,597.3463997124826,1986.9367557334479,121.21212058045711,2129.250305492043,1.8888669303806735,2.9386364356050825
2022-08-17,TNK_13,Ambient,20,20.68,7.906644630327968,-85.9,7.45,100.3,49.8,32.7,2248.3935472723397,NA,NA,580.4600746647734,580.4600790007088,1918.8848390644177,134.25648774313407,2071.8232893986915,2.119987296796607,3.2725208023266985
2022-08-17,TNK_14,Ambient,22,22.066,7.817030092687818,-81.2,6.97,96.8,50.2,32.9,2294.0192836439,NA,NA,749.4660845407478,749.4660915630311,1999.764795772776,120.45123115319774,2143.423101607989,1.9111771388706322,2.9378725262198304
2022-08-17,TNK_15,Ambient,24,22.63,7.966130660875967,-90.2,7.51,105.6,50,32.7,2257.36331189182,NA,NA,497.6082273367075,497.608230396644,1863.7347260309518,160.761493732481,2039.6947628153707,2.55960413271829,3.9304682213409903
2022-08-17,TNK_16,Ambient,26,17.2,8.025949687518406,-91.3,8.5,108,50.5,33.1,2280.20319399051,NA,NA,426.0955595004201,426.09556201234585,1898.8379330039795,154.9626244366286,2068.8904697664575,2.4116569391543003,3.7513972377689355
2022-08-17,TNK_18,Ambient,12,12.156,7.95952354774157,-85.4,9.72,111.8,50.6,33.1,2272.10671598968,NA,NA,502.03629904784606,502.03630292604697,1987.7611585317538,114.71822300166745,2123.20658823181,1.7607510720261978,2.768245052407221
2022-08-17,TNK_SMP,Sump,10,10.322,7.958278217283025,-84.6,9.82,108.7,50.6,33,2214.9843757131393,NA,NA,488.62040603422344,488.62040985390195,1954.2088501603876,104.43767579118062,2080.0637732019063,1.597508980686519,2.520503665755671
2022-08-18,TNK_2,Low,14,14.236,7.684108313931097,-70.6,8.9,106.6,50,32.7,2295.85838883838,NA,NA,1027.7441992712024,1027.7442148288555,2123.9872226616862,69.75657399961001,2233.6093456052486,1.0778273820821198,1.6891189158957007
2022-08-18,TNK_3,Low,16,14.425,7.733215343927127,-73.4,8.82,106.3,50.5,33.2,2257.31550880304,NA,NA,892.2420125429209,892.2420242189237,2065.5181309619725,77.46801472440102,2177.287560475515,1.1951988545798016,1.8701974474306697
2022-08-18,TNK_4,Low,18,17.941,7.755544453911315,-76,7.02,90.5,50.4,33.1,2365.70703174326,NA,NA,895.7862105999804,895.7862215315641,2131.3592469254104,95.9772149132535,2258.3881758080597,1.49738108590089,2.325144210440071
2022-08-18,TNK_5,Low,20,19.497,7.731185107539144,-75.2,7.33,97.3,50.1,32.9,2303.44318752073,NA,NA,932.5621313490078,932.5621428189959,2075.302804416296,93.2158847620648,2199.4911118287796,1.4637899434310733,2.2653611096376642
2022-08-18,TNK_6,Low,22,21.212,7.711981477418202,-74.7,7.11,97.6,50.4,33.1,2292.59194101709,NA,NA,977.6234224494534,977.6234346107365,2060.4692317437984,94.87818401720433,2186.2829437479704,1.4985416811159262,2.3077817268487877
2022-08-18,TNK_7,Low,24,14.268,7.767352614553769,-75.4,8.91,106.5,49.5,32.4,2296.17185028237,NA,NA,837.0367828022444,837.0367931162431,2092.610641404385,82.72454543712888,2207.833067420314,1.2797683787848215,2.006899482387202
2022-08-18,TNK_8,Low,26,25.893,7.737228189907985,-78,5.14,85.4,50.4,33,2254.7740922840394,NA,NA,910.1175502472487,910.1175598135746,1975.7143152959234,114.2577500971343,2115.496391937738,1.8448254607057835,2.8041173900819047
2022-08-18,TNK_9,Low,12,15.549,7.727850889090448,-73.6,9.09,111.9,49.8,32.5,2280.98087955248,NA,NA,921.5539485483235,921.553960717279,2085.92037041974,79.27526417826982,2199.591413971856,1.2304628346139246,1.9238604230079184
2022-08-18,TNK_10,Ambient,14,12.929,8.039055666616674,-90.3,9.22,107.3,49.7,32.6,2284.82225005071,NA,NA,412.2109180018231,412.2109205745286,1946.055763634805,137.26865120296029,2099.9855058333533,2.1146277418357258,3.3234635834199944
2022-08-18,TNK_11,Ambient,16,15.871,8.032367284825144,-91.1,7.88,97.6,50.5,33.1,2271.72047974074,NA,NA,416.8753789668347,416.8753814392521,1902.260966466929,149.78850709850303,2067.401706888526,2.3214582620810233,3.622019833101091
2022-08-18,TNK_12,Ambient,18,17.925,8.017095392871001,-91.1,7.25,93.5,50.4,33.1,2284.8450524773198,NA,NA,437.4162619234241,437.4162645306983,1900.8353961511607,156.22280810867443,2072.2278824781483,2.437164785287827,3.784591998092514
2022-08-18,TNK_13,Ambient,20,20.499,7.958344305708483,-88.8,7.21,97.7,50.2,33,2248.3935472723397,NA,NA,504.622956285579,504.62295957423567,1883.283388845014,148.54268011997044,2048.117403480849,2.3405459508545774,3.6120984170943227
2022-08-18,TNK_14,Ambient,22,22.096,7.864830787562915,-84,6.82,94.7,50.3,33,2294.0192836439,NA,NA,660.9768189386191,660.9768243967106,1969.2112786439145,132.89303169705553,2122.542320707251,2.1078109581841162,3.2390991651424126
2022-08-18,TNK_15,Ambient,24,22.429,8.001774163632613,-92.3,7.26,100.5,48.9,31.9,2257.36331189182,NA,NA,455.11943090243324,455.1194334742565,1846.753625731377,168.17110045728603,2028.968907075086,2.6853454239950647,4.134446411212868
2022-08-18,TNK_16,Ambient,26,14.669,8.067563612182965,-92.5,9.27,112.9,51.4,33.8,2280.20319399051,NA,NA,378.3388769766573,378.3388790645156,1891.7406042258558,156.95772262376195,2063.080844601465,2.4169484284439107,3.775243149560074
2022-08-18,TNK_18,Ambient,12,12.101,8.078799443169956,-92.1,9.61,110.5,50.9,33.3,2272.10671598968,NA,NA,366.38328657955907,366.3832886472885,1911.1336184817758,145.56175926410864,2071.829286269747,2.2321628730437046,3.5082359429332275
2022-08-18,TNK_SMP,Sump,10,11.845,8.021390500184536,-88.7,10.03,111.4,51.5,33.6,2214.9843757131393,NA,NA,414.4342385440302,414.4342412037471,1899.320952863086,126.41981582783274,2042.9669855723687,1.935261849492555,3.0411554283895055
2022-08-19,TNK_2,Low,14,14.201,7.627188617215406,-70,12.4,148.7,50.1,32.8,2295.85838883838,NA,NA,1181.71590240292,1181.715922985766,2143.4722799089777,61.82032277582565,2251.1508070199748,0.9547407880757214,1.4959831845505769
2022-08-19,TNK_3,Low,16,15.227,7.665385060225098,-72.5,10.34,126.7,50.3,33.5,2257.31550880304,NA,NA,1057.8184229675985,1057.8184391019659,2085.2415757970043,69.50128889064344,2194.3573435135563,1.0732836996530442,1.675483923274886
2022-08-19,TNK_4,Low,18,18.123,7.6558974417285395,-73.2,7.4,108.6,50.4,33.1,2365.70703174326,NA,NA,1150.9324860173647,1150.932503994998,2174.3873126968897,78.37650063368321,2292.4524091296685,1.223550189869432,1.899107782736719
2022-08-19,TNK_5,Low,20,19.979,7.661560718134066,-74.3,7.86,104.6,50.4,33.1,2303.44318752073,NA,NA,1111.4281649835893,1111.4281811107578,2101.9911057847858,82.3062671584289,2220.6736506102407,1.293629183102909,1.9986396054336615
2022-08-19,TNK_6,Low,22,19.366,7.6452981326277865,-73.1,7.99,105.8,50.3,33.1,2292.59194101709,NA,NA,1149.6527427597891,1149.6527602374972,2102.593632529628,77.50323827093183,2218.371433858078,1.2153212683574597,1.8805768243027199
2022-08-19,TNK_7,Low,24,23.548,7.578638854858,-71,7.01,100.1,49.5,32.5,2296.17185028237,NA,NA,1383.3348402886527,1383.3348634971128,2109.438626010837,76.72916011582511,2227.4678051440546,1.2279985357506684,1.8817932443378824
2022-08-19,TNK_8,Low,26,21.755,7.672292446881515,-75.7,7.11,98.3,50.2,32.9,2254.7740922840394,NA,NA,1065.5868277435923,1065.5868420317308,2041.330260445953,87.09653260068997,2161.6977400789065,1.3801105483324694,2.1233055802664356
2022-08-19,TNK_9,Low,12,11.773,7.672867984731681,-71.8,9.93,112.6,48.9,31.5,2280.98087955248,NA,NA,1045.4646158120597,1045.4646327797811,2132.607774340675,60.20539538482012,2236.951085078439,0.928291394101279,1.4662539310025886
2022-08-19,TNK_10,Ambient,14,13.998,7.985386830529461,-90.3,8.63,103.1,50.3,33,2284.82225005071,NA,NA,474.1778487405643,474.1778520682973,1966.3258387851747,129.01412684847958,2113.832892841055,1.9898248473762694,3.1177376315590344
2022-08-19,TNK_11,Ambient,16,15.886,7.95764054891095,-89.6,7.9,97.9,50.3,33,2271.72047974074,NA,NA,508.5975622897487,508.5975659689092,1953.0778012701462,129.23167572221422,2101.0429969862616,2.0038020534284207,3.12700245611611
2022-08-19,TNK_12,Ambient,18,18.041,7.954171656908312,-90.4,7.59,98.9,50.4,33.1,2284.8450524773198,NA,NA,517.4106009269489,517.4106045662417,1943.7069152443194,138.80643986369893,2100.3976494781723,2.1663206721823838,3.3630722614531896
2022-08-19,TNK_13,Ambient,20,20.45,7.9388189547263845,-90.7,7.8,105.3,49.9,32.7,2248.3935472723397,NA,NA,532.9150832620927,532.9150869343326,1899.942127512376,141.93047385241596,2059.1327104024476,2.239095471748628,3.4584513304829576
2022-08-19,TNK_14,Ambient,22,22.06,7.90075778663279,-89.2,7.35,102.2,50.3,33,2294.0192836439,NA,NA,601.1313085663842,601.1313130841977,1945.8034100082502,142.44809404249023,2106.8568696782695,2.2590143653675177,3.4717965003361484
2022-08-19,TNK_15,Ambient,24,22.832,7.941405569841129,-92,7.45,104.8,49.7,32.6,2257.36331189182,NA,NA,532.377515357813,532.3775188459263,1880.562240418629,153.99180384176947,2050.738320516056,2.455245551671929,3.769048003579666
2022-08-19,TNK_16,Ambient,26,24.821,7.954878534222386,-93.7,6.75,98.6,50.5,33.1,2280.20319399051,NA,NA,516.0828871103545,516.0828902548117,1861.6059699856814,171.31955901914597,2047.7841410160543,2.7499451553908822,4.192285065403267
2022-08-19,TNK_18,Ambient,12,12.391,7.998954871233416,-90.2,9.95,116.6,51.3,33.8,2272.10671598968,NA,NA,451.0792202532851,451.07922336761527,1956.7149469968613,126.95307256650453,2102.0714175013045,1.944125212347608,3.0506996092215592
2022-08-19,TNK_SMP,Sump,10,10.323,7.989421575448622,-89.5,10.5,113,51.5,28,2214.9843757131393,NA,NA,469.6026155893651,469.60261912418343,1971.8938166093853,99.46385228537407,2092.600689825488,1.5399628620944277,2.466547164497494
2022-08-20,TNK_2,Low,14,15.781,7.69336700424012,-74.4,9.91,120.9,50.4,33,2295.85838883838,NA,NA,1008.8562556321416,1008.8562701412295,2109.6422966248106,75.65629371047577,2222.574849030095,1.172719669538142,1.8304948737315325
2022-08-20,TNK_3,Low,16,16.856,7.716864584819389,-76.2,9.26,116.8,50.3,33,2257.31550880304,NA,NA,938.750251869517,938.7502641516944,2057.2609810164067,81.13213910171572,2171.9947660617895,1.261792872032579,1.9647622686676423
2022-08-20,TNK_4,Low,18,19.453,7.6845154092665195,-75.4,7.91,103.4,50.5,33.2,2365.70703174326,NA,NA,1075.6658131754136,1075.6658284470595,2152.7377053687946,87.35253625879007,2275.7922942124505,1.3695626186141234,2.118302633312774
2022-08-20,TNK_5,Low,20,19.113,7.730321716980044,-77.9,7.83,102.7,50.7,33.3,2303.44318752073,NA,NA,931.2313997739459,931.2314113003746,2076.224334757507,92.66250484941872,2200.0713256570707,1.4503097435189343,2.2446039961667803
2022-08-20,TNK_6,Low,22,18.312,7.728899602984073,-77.5,7.63,99.2,50.4,33.1,2292.59194101709,NA,NA,929.0536085438282,929.0536202115502,2073.9302429027066,89.07213010886515,2194.867292877278,1.3914354863883358,2.158701544033311
2022-08-20,TNK_7,Low,24,23.179,7.631430258089686,-74,7.17,100.8,50.3,32.1,2296.17185028237,NA,NA,1214.1946411422164,1214.194659164179,2092.140291898309,83.91421620235249,2212.744997218751,1.3432930790749233,2.062776859408896
2022-08-20,TNK_8,Low,26,25.884,7.6951409233053205,-78.8,6.34,94,50.6,33.2,2254.7740922840394,NA,NA,1012.9140293027267,1012.914041152609,1997.3667880027451,105.33786165397593,2131.0836521292804,1.6988390503477375,2.581030827667007
2022-08-20,TNK_9,Low,12,13.684,7.7861682080083225,-78.8,9.62,113,50.5,33.1,2280.98087955248,NA,NA,787.999774299538,787.9997835505327,2070.6954335250693,85.05574803763545,2186.76271616143,1.3102552087569863,2.0538177348667643
2022-08-20,TNK_10,Ambient,14,13.858,7.995814092953873,-90.8,9.4,118,50.7,33.2,2284.82225005071,NA,NA,460.57809894473877,460.57810209330245,1959.548383444058,131.63628506578186,2109.202054922979,2.0278997514355934,3.176896631691529
2022-08-20,TNK_11,Ambient,16,15.797,7.979534923732775,-90.8,8.6,105.9,50.4,33.1,2271.72047974074,NA,NA,479.68873573150853,479.68873901024773,1939.1363431079028,134.8212044312589,2091.6619917938488,2.0890298747246345,3.259911026618918
2022-08-20,TNK_12,Ambient,18,17.625,7.980334490838184,-91.7,8.1,103.9,50.6,33.2,2284.8450524773198,NA,NA,482.1358574379136,482.135860625345,1929.5783159298003,144.43012978357515,2090.863429811987,2.249892770896517,3.4954924500576374
2022-08-20,TNK_13,Ambient,20,18.589,7.9201037822111084,-88.7,8.2,106.9,50.2,33,2248.3935472723397,NA,NA,557.577720711728,557.5777248901014,1928.9864891338755,129.69661294840617,2077.6689079946796,2.0289557032207206,3.1463621084599116
2022-08-20,TNK_14,Ambient,22,20.356,7.91297831318392,-89.1,7.52,101.6,50.3,33.1,2294.0192836439,NA,NA,580.7185995986197,580.7186039666481,1954.7660933162974,138.49525641612487,2112.071353609521,2.1799529478440287,3.3647270110292404
2022-08-20,TNK_15,Ambient,24,24.052,7.932630206476972,-92,7.11,102.5,50.8,33.2,2257.36331189182,NA,NA,542.2402768446011,542.2402803712995,1867.4725461279793,159.13958194162117,2042.523126127341,2.5437224402618175,3.885691368693476
2022-08-20,TNK_16,Ambient,26,25.816,7.990845453198426,-96.3,6.6,98.5,50.8,33.3,2280.20319399051,NA,NA,466.13964814770327,466.13965066040436,1817.3407831791405,189.35903781260185,2019.7738632273386,3.0511310059411003,4.6354041055003705
2022-08-20,TNK_18,Ambient,12,13.967,8.044303873826642,-93.6,9.35,111.6,50.9,33.3,2272.10671598968,NA,NA,402.5273174753039,402.5273198745427,1914.0333612170684,144.7286451010636,2074.4457779293225,2.2293063862624503,3.490881529787813
2022-08-20,TNK_SMP,Sump,10,10.982,8.005120127629931,-90,10.1,113.2,50.6,33,2214.9843757131393,NA,NA,433.5434934731172,433.54349643832967,1922.1372276331272,117.41484758025474,2058.1506016029193,1.7983187619779055,2.8340486342874116
2022-08-21,TNK_2,Low,14,12.589,7.735765592753126,-75.5,10.2,121.2,50.3,32.9,2295.85838883838,NA,NA,896.985013145124,896.985025413963,2113.6265392262476,73.73652957440503,2223.938302916131,1.1337245498823811,1.7817601638349607
2022-08-21,TNK_3,Low,16,13.732,7.7213388249251445,-75.2,8.71,104,50.1,32.6,2257.31550880304,NA,NA,919.75282202321,919.7528346167911,2077.4858627287185,72.7269181880825,2186.4701521464776,1.1226438687146263,1.7615874102277227
2022-08-21,TNK_4,Low,18,15.831,7.737317547569738,-76.9,8.19,101.7,50.7,33.3,2365.70703174326,NA,NA,930.438338781649,930.4383511077623,2154.3022527306357,86.28935204660571,2274.8543041798307,1.33602392134207,2.083775979133995
2022-08-21,TNK_5,Low,20,11.777,7.700080797882298,-73.1,9.41,107.4,50.9,33.2,2303.44318752073,NA,NA,978.121189811682,978.1212046516413,2137.4515729534705,67.04934492483355,2245.348804704962,1.0278605849962643,1.6167929439381985
2022-08-21,TNK_6,Low,22,17.357,7.7607240794404015,-78.9,7.77,99.3,50.6,33.3,2292.59194101709,NA,NA,853.7588085835933,853.7588186344791,2065.048888915484,92.50984648888465,2187.61864371494,1.439164019733881,2.236840884506591
2022-08-21,TNK_7,Low,24,22.056,7.743308246116926,-80,7.45,102.5,50.1,32.8,2296.17185028237,NA,NA,907.7677651054464,907.7677754105765,2043.3627354249834,103.56158171107236,2175.058080939342,1.6439319209896879,2.527742831338127
2022-08-21,TNK_8,Low,26,20.618,7.7787689660395944,-81.4,7.66,103.8,50.4,33.1,2254.7740922840394,NA,NA,809.4745961976711,809.4746046388422,1997.1194362073518,104.90155719937587,2128.0529415317765,1.6528873013577765,2.549468980055647
2022-08-21,TNK_9,Low,12,12.4,7.759346006829674,-76.7,12.57,118.2,51.1,33.3,2280.98087955248,NA,NA,837.7353959952537,837.7354067377014,2089.6975714473383,77.16630367647589,2201.140838884685,1.1841207788782575,1.8599958867910416
2022-08-21,TNK_10,Ambient,14,14.315,7.933150906903488,-87.4,9.09,109.2,51,33.5,2284.82225005071,NA,NA,541.8754555249825,541.875459840717,1991.2634122320828,118.72310690825341,2130.8490190992284,1.8288590590801561,2.8605407093159925
2022-08-21,TNK_11,Ambient,16,16.282,7.914831646945527,-87.3,8.85,108.6,50.3,33.2,2271.72047974074,NA,NA,568.4025044026466,568.4025089593804,1973.9055420181992,120.74824418346618,2115.319558446871,1.87290956445872,2.9188455537954314
2022-08-21,TNK_12,Ambient,18,20.719,7.880682800542506,-87.4,8.52,94.8,50.4,33,2284.8450524773198,NA,NA,630.4246527844203,630.4246578938,1964.7965555282697,130.66387833936767,2115.6910428342403,2.0606404234655105,3.1783016655097334
2022-08-21,TNK_13,Ambient,20,23.512,7.84851690424522,-86.8,6.97,99.5,50.5,33.1,2248.3935472723397,NA,NA,676.2796462921996,676.2796518401774,1924.5364115867005,132.13644317534983,2076.8077998752633,2.107940763936537,3.225764380475139
2022-08-21,TNK_14,Ambient,22,21.843,7.643244018627657,-74,7.27,100.9,50.5,33.2,2294.0192836439,NA,NA,1164.7634061430156,1164.7634231800841,2088.068905609463,84.23185861916285,2208.5152571268277,1.3332173579145543,2.0492238338155326
2022-08-21,TNK_15,Ambient,24,29.71,7.778397857942337,-85.5,7.65,101.4,50.6,33.4,2257.36331189182,NA,NA,817.8281878372738,817.8281949757996,1913.2536841240515,141.03759628704722,2075.17535162781,2.3198301337578107,3.480134843225338
2022-08-21,TNK_16,Ambient,26,21.842,7.850185382571748,-86.1,7.9,108.9,50.7,33.3,2280.20319399051,NA,NA,680.8885108390457,680.8885166603822,1966.4343237357004,128.0629449676844,2115.6547341450064,2.0259341316472863,3.113260257069023
2022-08-21,TNK_18,Ambient,12,12,7.853497464629809,-81.8,10.61,124.2,51.4,33.7,2272.10671598968,NA,NA,655.9928345094858,655.9928411512675,2040.782806965204,93.06769330985395,2160.965555899612,1.4245939131090775,2.237564985700942
2022-08-21,TNK_SMP,Sump,10,10.699,7.998121591813721,-89.4,9.73,109,51.3,33.5,2214.9843757131393,NA,NA,439.7064252383142,439.7064283061993,1925.2896039610873,115.8678777721462,2060.1345490970853,1.770354056501977,2.7883770508182946
2022-08-22,TNK_2,Low,14,12.091,7.544590200028649,-64.4,9.52,109.2,51,33.4,2330.13792310998,NA,NA,1447.9948390247293,1447.994871329751,2208.4046508747124,49.263301972016,2317.4600473534974,0.7551315795275211,1.1865919974508448
2022-08-22,TNK_3,Low,16,13.188,7.604603528363625,-68.2,8.83,104,51.2,33.6,2334.39404241327,NA,NA,1259.1599748122794,1259.1599986774722,2189.286001846383,58.79710755809708,2298.2476971514734,0.9028011356980999,1.415034111603357
2022-08-22,TNK_4,Low,18,18.202,7.5428965911704164,-66.7,7.09,92.2,51.2,33.1,2345.60674908381,NA,NA,1508.5917560461269,1508.5917868834158,2196.0034339523577,61.203434898464884,2309.111510209736,0.9557198047868282,1.4831179185883383
2022-08-22,TNK_5,Low,20,16.925,7.6132832185798955,-70.2,8.76,11.4,50.9,33.5,2309.05626167513,NA,NA,1239.68571518619,1239.6857365687827,2142.8480675918818,67.58380080504615,2254.576528750132,1.048976248464121,1.6313227490144728
2022-08-22,TNK_6,Low,22,21.527,7.569408184389243,-69.5,7.06,97.7,51,33.6,2332.7088389982,NA,NA,1419.5282194807135,1419.5282449463903,2154.049928201046,73.1796712721356,2271.630293433149,1.1543890265254015,1.77428310516868
2022-08-22,TNK_7,Low,24,20.129,7.597339454204426,-70.6,7.83,104.6,50.6,33.3,2344.94745303148,NA,NA,1327.2957851623014,1327.2958080882738,2164.6194395465604,73.88723569621526,2281.714467026485,1.1608522398957863,1.7919956356546978
2022-08-22,TNK_8,Low,26,22.947,7.544036951217258,-68.6,6.84,96.7,57,33.5,2350.23394327319,NA,NA,1531.3648793070113,1531.3649080843816,2172.1592717561266,73.18418475296455,2291.4991683872868,1.162067485439577,1.7795039570587603
2022-08-22,TNK_9,Low,12,11.693,7.4800370433560905,-60.6,10.6,121,50,33.4,2343.95683298281,NA,NA,1698.6760404451015,1698.6760852814905,2239.2633349258613,42.39100690235562,2352.6945076802713,0.6492348043406095,1.0209484093682852
2022-08-22,TNK_10,Ambient,14,13.923,7.790612438905946,-79.1,9.27,111,51.1,33.5,2339.62466463359,NA,NA,798.428781825571,798.4287912734072,2118.876140846606,89.62345691764342,2239.6117383877277,1.3791976106601844,2.158970137312541
2022-08-22,TNK_11,Ambient,16,15.674,7.831442261259099,-82.2,8.78,108.8,57,33.5,2337.64352912003,NA,NA,723.1849594878454,723.184966957963,2083.213471872533,103.52643122874109,2213.4619677486485,1.6007649440962746,2.4964853720207114
2022-08-22,TNK_12,Ambient,18,16.722,7.780109684420863,-79.7,8.51,107.8,51,33.6,2338.34317242632,NA,NA,826.307858258247,826.3078677977816,2100.743405142074,96.77709739923215,2227.101743556756,1.5004453505988269,2.334027873409299
2022-08-22,TNK_13,Ambient,20,18.511,7.790543231396599,-81.1,8.41,109.6,50.9,33.5,2340.03277984208,NA,NA,809.6504109579766,809.6504197802403,2083.115989360388,104.92594645297193,2215.585525653475,1.6371725815824896,2.5364683977016145
2022-08-22,TNK_14,Ambient,22,19.282,7.743529359382984,-78.7,7.79,102.6,51.1,33.6,2338.23312235786,NA,NA,913.17908183874,913.1790928814429,2098.6379928251677,97.89636456543755,2226.9125677781017,1.5309441083698885,2.3668513772239446
2022-08-22,TNK_15,Ambient,24,21.274,7.798606522898585,-82.8,7.67,105.2,51,33.5,2346.1849972068194,NA,NA,799.9193829663906,799.9193910954547,2060.135962671751,117.23660025747668,2202.579740553145,1.8484225919465207,2.8435587423642605
2022-08-22,TNK_16,Ambient,26,21.607,7.789418621672956,-82.4,7.8,101,51.1,33.6,2345.24024289865,NA,NA,818.7317296687503,818.7317381253123,2060.865101006812,116.54287337148361,2202.9617360305415,1.8390356999687387,2.825966599581927
2022-08-22,TNK_18,Ambient,12,12.013,7.8271806903165775,-80.2,10.68,122.6,52.6,34.5,2343.13601711704,NA,NA,720.398127020401,720.3981350253725,2113.814225955659,92.5490240988094,2235.97768994423,1.4118632104699047,2.2141695406440314
2022-08-22,TNK_SMP,Sump,10,10.622,7.883323882423879,-82.9,10.66,120.8,51.2,33.5,2334.0148326784197,NA,NA,622.9188744093605,622.9188805766449,2095.1257544500972,96.50964573082393,2218.5871975011196,1.474363915819223,2.3224954423969253
2022-08-23,TNK_2,Low,14,13.927,7.665331891091259,-68.4,10.65,126.6,51,33.5,2330.13792310998,NA,NA,1086.7356358130019,1086.7356533148172,2161.2259715069968,68.5176831738664,2272.084896592807,1.0544157814514288,1.6505491904676806
2022-08-23,TNK_3,Low,16,15.637,7.680923072459235,-70.1,9.77,120.9,50.5,33.1,2334.39404241327,NA,NA,1057.1062372211313,1057.1062531987643,2150.926485093409,74.73273899528546,2264.8618466085445,1.1574215871215385,1.8067822623532166
2022-08-23,TNK_4,Low,18,17.414,7.705592217536739,-72.3,8.38,107.5,50.4,33.2,2345.60674908381,NA,NA,1004.7748285982997,1004.7748425037548,2139.060847320976,84.37376676369355,2258.77542953445,1.3134310839551258,2.0415968361741075
2022-08-23,TNK_5,Low,20,19.503,7.682582673156656,-71.9,8.18,108.7,50.6,33.3,2309.05626167513,NA,NA,1054.1225765242498,1054.1225911740394,2100.2983406214144,85.21777311471509,2220.432486112354,1.3357020293575284,2.0652061798416517
2022-08-23,TNK_6,Low,22,22.047,7.675611897764269,-72.7,6.63,91.9,50.2,32.9,2332.7088389982,NA,NA,1094.7625206959897,1094.7625356861213,2109.4976011604986,91.68271664943792,2235.0965526032132,1.4545936525110414,2.2361255743345363
2022-08-23,TNK_7,Low,24,22.31,7.6729047991462975,-72.6,6.46,89.5,50.8,33.4,2344.94745303148,NA,NA,1105.4432817065735,1105.443296902074,2117.177032541046,93.50583782389653,2244.5862354637193,1.4814236722725564,2.2730795600438696
2022-08-23,TNK_8,Low,26,25.679,7.619422122978031,-71,5.39,79.8,50.6,33.3,2350.23394327319,NA,NA,1279.8214022042805,1279.8214212014227,2123.200867534547,93.59429909580447,2252.8133251068252,1.5070420347268538,2.290510008036951
2022-08-23,TNK_9,Low,12,12.892,7.575650798723985,-62.8,9.54,110.3,51.7,33.9,2343.95683298281,NA,NA,1353.1677382180794,1353.1677659492846,2207.5409621486756,55.23498074938093,2317.08412202466,0.8464475894947963,1.3266842136765968
2022-08-23,TNK_10,Ambient,14,14.1,7.993108036145346,-87.2,8.62,103.4,50.6,33.2,2339.62466463359,NA,NA,475.494321018805,475.494324357517,2007.0664244643353,135.2450616681086,2160.7743328909305,2.0848023815470444,3.2644168776696016
2022-08-23,TNK_11,Ambient,16,15.964,7.983213026583922,-87.6,8.45,105,50.6,33,2337.64352912003,NA,NA,489.7147438504356,489.7147472558795,1993.5721927869004,140.32841679436112,2151.8968000156383,2.1763745924472855,3.395719673679807
2022-08-23,TNK_12,Ambient,18,17.424,7.944863738795448,-86.1,7.79,99.5,50.5,33.2,2338.34317242632,NA,NA,542.2310205707389,542.2310246193197,2002.5453651938237,137.08901662989084,2158.7007140915393,2.1341101864015015,3.31718219458567
2022-08-23,TNK_13,Ambient,20,21.581,7.985965191371934,-90.6,6.98,96.9,50.5,33.2,2340.03277984208,NA,NA,487.3993908511591,487.3993938504315,1926.7229447389168,169.45272324383382,2111.436595653351,2.679146456578276,4.120905619487658
2022-08-23,TNK_14,Ambient,22,21.965,7.8803153718846985,-84.6,7.19,99.1,50.7,33.3,2338.23312235786,NA,NA,645.5458228468015,645.545828066106,1996.7826601421652,140.01869954247704,2156.7948202971083,2.2162211816415143,3.4045348000403024
2022-08-23,TNK_15,Ambient,24,23.654,7.788474297835299,-80,9.96,110,52.3,33.6,2346.1849972068194,NA,NA,823.74748350861,823.7474917129107,2043.3384757108647,124.36666235100517,2192.0654886943494,1.9799635192920728,3.025212311960037
2022-08-23,TNK_16,Ambient,26,25.673,7.861747211431328,-85.6,8.8,110.4,50.6,31.2,2345.24024289865,NA,NA,694.1159522406986,694.1159578380568,1994.4484435633672,145.50628460139907,2159.7440710075125,2.3683069252962854,3.6200615136968732
2022-08-23,TNK_18,Ambient,12,12.879,8.03411192418192,-88.9,7.19,116.4,50.7,33.3,2343.13601711704,NA,NA,426.28938757074405,426.2893903242047,1995.1466417143731,141.3013479892213,2153.628900970378,2.170676514551815,3.4064990488555904
2022-08-23,TNK_SMP,Sump,10,14.644,7.9737528735930505,-86.6,10.73,120.6,48.8,31.5,2334.0148326784197,NA,NA,506.08631309515084,506.0863168373876,2022.5447951680628,127.52306656008444,2169.6030634342633,1.9812463896455401,3.1117381394433092
2022-08-24,TNK_2,Low,14,13.8,7.6407332814863125,-67,10.54,126,50.5,33.1,2330.13792310998,NA,NA,1156.402073712109,1156.4020935870358,2172.2613371673115,64.12184590529624,2281.7301442522194,0.9880686161441088,1.5484269451674981
2022-08-24,TNK_3,Low,16,16.548,7.695795786922284,-71.4,8.45,105.7,50.1,32.8,2334.39404241327,NA,NA,1023.9745992208677,1023.974613930869,2140.670250016286,79.09189588390768,2256.7936722441527,1.2299042114903365,1.9173428016999225
2022-08-24,TNK_4,Low,18,18.448,7.686671157353668,-71.7,8.25,107,50.3,33,2345.60674908381,NA,NA,1058.4542789580958,1058.4542940605108,2141.2178710000103,83.66061968635654,2261.063978016278,1.3081199290608923,2.029238416024428
2022-08-24,TNK_5,Low,20,20.327,7.672732965943444,-71.7,7.72,104.6,50.7,33.3,2309.05626167513,NA,NA,1083.2653632955291,1083.2653785029845,2098.9305726108096,85.86055960175162,2219.8632113560097,1.3500000508771295,2.08291437430639
2022-08-24,TNK_6,Low,22,22.149,7.660297478573062,-71.8,7.16,99.9,50.7,33.3,2332.7088389982,NA,NA,1135.3155620157688,1135.3155780984976,2113.535121971635,89.91009940896384,2238.435572439297,1.4242132547804636,2.1867601774501195
2022-08-24,TNK_7,Low,24,22.445,7.6678111407120815,-72.4,7.51,104.4,50.4,33.1,2344.94745303148,NA,NA,1122.2614907532488,1122.2615063741448,2120.335818730465,92.3204024344971,2247.0163333074115,1.4657618718934329,2.2497644615615218
2022-08-24,TNK_8,Low,26,25.106,7.613702596293135,-70.4,6.4,95,50.7,33.3,2350.23394327319,NA,NA,1296.5868370001992,1296.5868567305145,2129.997252660252,90.74765263253352,2257.762104064462,1.4570687930581565,2.2183660321406116
2022-08-24,TNK_9,Low,12,12.479,7.610465410460343,-64.6,10.74,124.2,51.8,33.9,2343.95683298281,NA,NA,1240.4601213999024,1240.4601449084316,2198.9795342689026,58.666093912416855,2308.081927538825,0.8981938703491327,1.4089200164912248
2022-08-24,TNK_10,Ambient,14,13.994,7.974982844165518,-86.1,9.35,111.9,50.8,33.3,2339.62466463359,NA,NA,498.2003492108928,498.2003528841162,2019.0893474889465,130.28396762441395,2168.7686856177934,2.006949825026262,3.1425179519016075
2022-08-24,TNK_11,Ambient,16,16.175,7.9472314818470755,-85.6,8.81,109.6,50.8,33.3,2337.64352912003,NA,NA,537.322524368578,537.3225284495408,2012.6174438374433,132.44102993403916,2164.6438481995933,2.0527072699662305,3.1991199558369754
2022-08-24,TNK_12,Ambient,18,17.649,7.932516477613676,-85.5,8.41,107.9,50.5,33.2,2338.34317242632,NA,NA,560.3036606297744,560.3036649324087,2008.3048847128644,134.77252382953665,2162.6514938010437,2.099617721734691,3.261835757152611
2022-08-24,TNK_13,Ambient,20,21.765,7.978997915420806,-90.3,8.18,113.1,50.4,33.1,2340.03277984208,NA,NA,497.09387860951045,497.09388171758957,1930.8850876925537,167.8401150585594,2114.2226535154728,2.657028718869562,4.085802618723154
2022-08-24,TNK_14,Ambient,22,21.818,7.873022553265054,-84.1,7.49,104,50.7,33.3,2338.23312235786,NA,NA,657.9849788931023,657.9849843320885,2003.1849305436224,137.377479270903,2161.0213166944513,2.1730693848607627,3.339581252907455
2022-08-24,TNK_15,Ambient,24,23.942,7.854635222246903,-84.1,7.58,110.2,50.5,33.1,2346.1849972068194,NA,NA,695.428818025069,695.4288238396837,2001.9280507560447,141.6217204248542,2164.026137103288,2.2637538491528475,3.4599411242752347
2022-08-24,TNK_16,Ambient,26,24.194,7.941045352370749,-89.3,7.31,105.7,50.7,33.3,2345.24024289865,NA,NA,550.859430163356,550.8594337921118,1933.3281115113552,169.27765677012627,2118.7010468254753,2.706115879028634,4.131087683796201
2022-08-24,TNK_18,Ambient,12,12.661,8.014408189423598,-87.7,10.6,124.1,50.6,33.1,2343.13601711704,NA,NA,449.51210987639377,449.51211295246935,2012.3157154727255,134.38637708001568,2164.9666440247747,2.065011364556581,3.2434643424147076
2022-08-24,TNK_SMP,Sump,10,9.8,7.997819675830716,-85.3,10.62,119.1,50.8,33.3,2334.0148326784197,NA,NA,463.90624337840615,463.90624685951354,2041.9907389728273,117.97445870825204,2180.612605447261,1.800937141168052,2.8421327926657414
2022-08-25,TNK_2,Low,14,14.201,7.679666116635773,-49.4,9.93,119.4,50,32.8,2330.13792310998,NA,NA,1054.087990248552,1054.0880066252996,2157.542597310158,70.21829422613871,2268.6663300915347,1.0844373914044347,1.6992047710757914
2022-08-25,TNK_3,Low,16,16.246,7.715428667317141,-52.4,8.93,111.1,49.7,32.6,2334.39404241327,NA,NA,975.1052255095717,975.1052389352337,2135.5718404530185,81.20112848470181,2252.397654081929,1.2625464906009367,1.9705063984852542
2022-08-25,TNK_4,Low,18,17.974,7.686316019906425,-51.5,7.84,100.8,49.8,32.7,2345.60674908381,NA,NA,1059.6079252250904,1059.6079405139944,2146.1477619713974,81.68309192822055,2264.6188223058325,1.2767759758298347,1.9842792474036528
2022-08-25,TNK_5,Low,20,19.717,7.530597294434135,-43.3,7.46,99.4,49.3,32.3,2309.05626167513,NA,NA,1546.6979894160443,1546.6980208373382,2160.8763259574484,60.73574595659606,2272.8590842063895,0.9571311425668254,1.482614447231483
2022-08-25,TNK_6,Low,22,22.022,7.778069189914332,-58.8,6.73,93.4,49.2,32.2,2332.7088389982,NA,NA,847.45559591436745,847.4556049056587,2062.181750117057,111.3704558543406,2199.9385442422204,1.7726949864263415,2.730128850182038
2022-08-25,TNK_7,Low,24,22.625,7.852979627495932,-63.5,6.22,87.8,49.14,32.1,2344.94745303148,NA,NA,702.796728401813,702.7967345089652,2023.745225773157,132.45824563570096,2177.751749362757,2.115006076107058,3.252825081752197
2022-08-25,TNK_8,Low,26,22.212,7.548473775899138,-45.4,6.07,89.4,49.78,32.5,2350.23394327319,NA,NA,1519.5522137405494,1519.5522425314352,2179.3938080497187,70.39795199140143,2296.7781475175493,1.1198806990673027,1.7225037346358756
2022-08-25,TNK_9,Low,12,12.375,7.6554773115483385,-47.2,9.53,110.1,50.6,32.9,2343.95683298281,NA,NA,1115.8818340292594,1115.8818531033894,2188.9359496375887,62.95014389882981,2297.69565741761,0.9673983926759417,1.5209869276143102
2022-08-25,TNK_10,Ambient,14,14.793,8.049097689546572,-70.8,8.49,101.2,49.8,32.6,2339.62466463359,NA,NA,412.22808178274533,412.22808425645314,1965.9317812565596,152.47093666849997,2134.1334176349014,2.3604232050549045,3.69570008083005
2022-08-25,TNK_11,Ambient,16,15.8,7.917590409512792,-63.8,7.87,97.3,49.7,32.5,2337.64352912003,NA,NA,583.5100342882896,583.5100391412026,2040.9119001086815,121.21686997202471,2183.7447799317515,1.8828854243615476,2.942319767890277
2022-08-25,TNK_12,Ambient,18,18.224,7.913937582298401,-64.8,7.25,93.5,49.6,32.5,2338.34317242632,NA,NA,591.8999004322872,591.8999051784247,2019.9992128357535,130.42226191280812,2170.8504532270626,2.042160740363797,3.173426605698247
2022-08-25,TNK_13,Ambient,20,19.982,7.944711165563246,-67.5,7.35,97.2,49.4,32.3,2340.03277984208,NA,NA,548.2668462979756,548.2668502239375,1984.243937633624,146.15987723526703,2148.436615682849,2.305717442315656,3.569200591608657
2022-08-25,TNK_14,Ambient,22,21.709,7.8908729069499195,-65.2,7.1,98.6,49.7,32.6,2338.23312235786,NA,NA,631.1217792934152,631.1217843111102,1998.2726065011082,139.72935238218324,2157.7686681656596,2.2169030182408074,3.413642495715194
2022-08-25,TNK_15,Ambient,24,23.556,7.689190169603741,-54.3,6.69,96.4,49.3,32.3,2346.1849972068194,NA,NA,1072.4694566088042,1072.4694705575318,2107.6969433717927,98.41540995312057,2238.164219695261,1.5766836214364535,2.417322156691591
2022-08-25,TNK_16,Ambient,26,23.333,7.932951719452222,-68.5,6.59,95.4,49.8,32.6,2345.24024289865,NA,NA,566.4995087126027,566.4995126214031,1956.540604647537,160.0533671996074,2133.591364642602,2.557720861240186,3.9208525639155014
2022-08-25,TNK_18,Ambient,12,12.903,7.9649809458898835,-65,9.64,111.5,50.2,32.9,2343.13601711704,NA,NA,512.4546778556642,512.4546818334773,2042.4391462252602,122.26385863926446,2185.3934178261225,1.8812543477864374,2.9547736763536006
2022-08-25,TNK_SMP,Sump,10,11.584,7.230792899809824,-23,10.04,112.8,49.2,31.9,2334.0148326784197,NA,NA,3079.7314440851333,3079.7315919159846,2276.7885464196106,23.291117986954028,2430.559367612396,0.35851911348227444,0.5658862101684093
2022-08-26,TNK_2,Low,14,14.025,7.627378050578859,-46.3,10.31,99.6,50.4,33.1,2330.13792310998,NA,NA,1196.1794730138333,1196.1794941789174,2175.526758770012,62.81534717873289,2284.9247529607237,0.9685012676301626,1.517063455867012
2022-08-26,TNK_3,Low,16,16.302,7.643828111192456,-48.3,7.68,9.57,49.9,32.7,2334.39404241327,NA,NA,1164.5557142370749,1164.5557333632269,2162.795814623328,70.06136317109585,2275.3061005541804,1.0890858131816028,1.6991602745867342
2022-08-26,TNK_4,Low,18,18.681,7.660014073353263,-50.3,6.7,87.4,49.8,32.7,2345.60674908381,NA,NA,1134.2758702621013,1134.2758875247762,2152.4076906261225,79.18946108960567,2270.1916479345396,1.2409086941123957,1.9252418029325002
2022-08-26,TNK_5,Low,20,20.743,7.509958710402008,-42.5,7.04,95.8,49.7,32.6,2309.05626167513,NA,NA,1630.8989083732465,1630.898942564036,2161.1251690892996,60.64592759334664,2274.203372347206,0.9583255493689599,1.4794404031089965
2022-08-26,TNK_6,Low,22,22.617,7.630845532051807,-50.4,6.05,84.7,49.7,32.6,2332.7088389982,NA,NA,1229.543761127243,1229.5437798175392,2127.2691758398078,84.53273884570764,2249.3921211922184,1.3464927003105471,2.068233703458344
2022-08-26,TNK_7,Low,24,24.084,7.627918786657961,-50.9,6.79,97.7,49.8,32.6,2344.94745303148,NA,NA,1250.4196958128866,1250.4197145648423,2129.826207808384,88.73081101107093,2255.3533949577004,1.422955153716089,2.1766526246686246
2022-08-26,TNK_8,Low,26,22.802,7.629611383120305,-50.4,6.5,91.3,49.9,32.7,2350.23394327319,NA,NA,1242.6510344855935,1242.651053502091,2142.240190771543,85.68506210591254,2265.7081837362507,1.36530406024867,2.095528876089499
2022-08-26,TNK_9,Low,12,12.318,7.748989125648441,-52.5,9.43,107.5,50,32.7,2343.95683298281,NA,NA,886.4619953343934,886.4620073870477,2156.0807581144904,76.35229773155747,2268.9363464756407,1.1740681496833039,1.8469729838373845
2022-08-26,TNK_10,Ambient,14,14.022,7.913997874889208,-62.7,8.7,103.4,49.81,32.6,2339.62466463359,NA,NA,586.6220990222366,586.622104113825,2060.6615551952805,113.67641320732162,2197.257198513974,1.7561053332881293,2.7539485918685966
2022-08-26,TNK_11,Ambient,16,16.022,7.769735910037687,-55.4,7.76,96.5,49.9,32.7,2337.64352912003,NA,NA,850.8806828726196,850.8806931429202,2115.6922704099284,90.6135496867726,2237.5794605046367,1.4073411019216369,2.1970687629595314
2022-08-26,TNK_12,Ambient,18,17.901,7.744034543683667,-54.8,7.65,98.5,49.8,32.7,2338.34317242632,NA,NA,913.5657603349288,913.5657717170093,2114.3718994528294,91.65905673535414,2237.815123671036,1.432346004577079,2.226443516443533
2022-08-26,TNK_13,Ambient,20,20.017,7.884667134029015,-64,7.71,103.3,49.6,32.5,2340.03277984208,NA,NA,641.2024572223779,641.2024625875642,2022.0556296133923,130.54362264971743,2173.64204259918,2.0578136854754057,3.1835598934351275
2022-08-26,TNK_14,Ambient,22,21.749,7.83242190101863,-61.8,7.07,97.2,49.8,32.6,2338.23312235786,NA,NA,735.5701139137708,735.5701207241489,2035.1972272807193,124.5755286043603,2182.786079268572,1.976814780653632,3.043620719376377
2022-08-26,TNK_15,Ambient,24,25.201,7.592178463402487,-49.3,7.02,102.7,49.8,32.6,2346.1849972068194,NA,NA,1372.7048975531534,1372.704919636883,2139.1498687294606,85.50356522809996,2263.917907676499,1.3786998040665397,2.102083526182389
2022-08-26,TNK_16,Ambient,26,24.905,7.82968838774178,-63.2,6.48,93.8,49.9,32.7,2345.24024289865,NA,NA,745.313251547807,745.3132580968503,2011.1446833959947,137.7546388759101,2170.364678058169,2.2167992305236917,3.3820142559076896
2022-08-26,TNK_18,Ambient,12,12.914,7.907742206962899,-61.7,9.25,107.8,50.8,33.3,2343.13601711704,NA,NA,592.5114132436089,592.5114185591603,2072.4772970783674,109.87018348579326,2206.201485353261,1.6879693351316276,2.6487924861172356
2022-08-26,TNK_SMP,Sump,10,11.442,7.901572142201844,-60.8,12.04,124.8,49.8,32.1,2334.0148326784197,NA,NA,601.671905822227,601.6719114799421,2088.0078104929203,100.03914743481799,2213.6225841713895,1.5384207278914712,2.4276346402658797
2022-08-27,TNK_2,Low,14,12.51,7.699303242586849,-49.8,9.81,113.6,49.6,32.5,2495.2411369073893,NA,NA,1070.2912301801405,1070.2912476805518,2316.9633819018213,73.35926951140918,2434.1843393933787,1.12936528805743,1.7768373192694953
2022-08-27,TNK_3,Low,16,16.315,7.682264599776859,-50.5,8.41,104.9,50,32.8,2457.24596851574,NA,NA,1114.6658109760695,1114.665828492742,2262.317332227868,80.30748508318794,2383.214033592724,1.2478920860993212,1.9464099686201344
2022-08-27,TNK_4,Low,18,18.143,7.733651551142117,-54.3,7.58,97.8,49.9,32.8,2506.8636629221296,NA,NA,1006.6837160951785,1006.6837298453516,2272.0557802253734,97.29451257408425,2404.1101977632093,1.5210275505464304,2.3623590410520077
2022-08-27,TNK_5,Low,20,20.298,7.564743914863168,-45.5,7.48,100.5,49.8,32.6,2455.27264560681,NA,NA,1514.226007969882,1514.226037717533,2282.7169903234935,71.47438486747276,2403.470097998794,1.1274187575371775,1.742494591995097
2022-08-27,TNK_6,Low,22,22.492,7.7328066538802,-56.3,6.96,97.2,50,32.8,2446.67043992781,NA,NA,995.7626538904269,995.762666178696,2182.0215979565114,109.70279031895282,2322.2302396229175,1.7447298071625534,2.6795272783295223
2022-08-27,TNK_7,Low,24,25.085,7.801847538633448,-61.7,7.11,103.7,49.7,32.2,2458.15253517755,NA,NA,844.8024564417241,844.8024648279952,2131.48211876955,136.08450416663237,2291.86119532725,2.197525451196226,3.355224823979662
2022-08-27,TNK_8,Low,26,25.282,7.781080276569638,-60.5,6.57,96.6,50.1,32.8,2446.7281204253995,NA,NA,883.5969260702467,883.596935203008,2127.9085989460855,132.4621960373309,2285.562811900413,2.134490789750683,3.2519865498640783
2022-08-27,TNK_9,Low,12,12.446,7.928473108323154,-62.8,9.46,111.09,49.7,32.2,2451.27641769483,NA,NA,591.9208702447121,591.9208756051419,2170.553654389638,115.32716844389769,2310.233696036882,1.777047202551574,2.7982331793061457
2022-08-27,TNK_10,Ambient,14,13.927,8.013618229013375,-68.3,8.6,102.3,50.1,32.8,2445.80906477528,NA,NA,472.7901788769309,472.7901821905006,2091.852760500489,145.34397795196338,2255.6992819971265,2.2430278625492,3.516582354537647
2022-08-27,TNK_11,Ambient,16,16.347,8.014285781103368,-69.6,8.31,103.8,50,32.7,2455.20146998725,NA,NA,475.64781863371246,475.6478218211067,2072.3738134608802,157.8092285113169,2247.4977720950155,2.4534499541289128,3.827414166225085
2022-08-27,TNK_12,Ambient,18,18.346,8.031120454656987,-71.6,7.69,99.8,49.9,32.8,2454.74029958426,NA,NA,454.7492425516115,454.74924534540565,2033.2520239218788,174.04192178819233,2222.9053295321605,2.722782231588411,4.226773399731082
2022-08-27,TNK_13,Ambient,20,21.212,7.927910358851486,-67.1,7.67,104.9,49.8,32.7,2455.90236756156,NA,NA,601.040854091284,601.0408586889829,2079.6685207223054,155.86477857068988,2254.599793271781,2.466561246272447,3.8021810555193425
2022-08-27,TNK_14,Ambient,22,21.912,7.940778110875427,-68.2,7.16,99.3,50,32.8,2469.86585880846,NA,NA,583.9146501999868,583.9146544764302,2072.8945099759017,164.65803139845875,2255.7190581160276,2.6121569968575753,4.018077598615194
2022-08-27,TNK_15,Ambient,24,25.873,7.907046174683602,-68.4,7.03,104.1,49.8,31.6,2465.15285146374,NA,NA,645.1427558094645,645.1427606234239,2058.895512713438,169.70269041603572,2246.85532591659,2.7597602944512705,4.210897451695874
2022-08-27,TNK_16,Ambient,26,27.728,7.8548024506120635,-66.3,6.28,100.6,50.6,31.1,2459.57292357474,NA,NA,743.7142374400147,743.7142436005122,2077.077361850791,160.22608423347123,2257.47811322755,2.6388866354015974,4.00978577206326
2022-08-27,TNK_18,Ambient,12,13.004,7.952503847528612,-64.3,10.07,118,50.7,33.2,2457.06100018823,NA,NA,554.6548519917768,554.6548566411295,2148.6338889839576,126.40253837179424,2297.3175744268824,1.9431482995379479,3.049344490801639
2022-08-27,TNK_SMP,Sump,10,11.841,8.021904477996584,-67.7,9.86,112.8,50.2,32.8,2473.70771917376,NA,NA,466.2799273706102,466.27993073888877,2134.0232122570806,139.41430748117108,2292.9196073659173,2.14068238380555,3.3698380084651287
2022-08-28,TNK_2,Low,14,13.786,7.68595424173768,-49.6,9.98,126.2,49.8,32.6,2495.2411369073893,NA,NA,1111.6915187171105,1111.6915370947052,2313.675745908774,74.81318993222318,2432.23957436293,1.1550120343098917,1.812179018771855
2022-08-28,TNK_3,Low,16,16.214,7.685036105213552,-50.6,8.67,104.4,50,32.9,2457.24596851574,NA,NA,1105.9484319942476,1105.948449273644,2261.325904894218,80.67766880332805,2382.370375847268,1.2527263455841628,1.953940051026991
2022-08-28,TNK_4,Low,18,18.089,7.735817495400551,-54.4,7.56,95.6,49.8,32.8,2506.8636629221296,NA,NA,1001.0384015755496,1001.0384151872952,2271.4139932253347,97.55437281135046,2403.586797326059,1.5248023577831724,2.368529104002536
2022-08-28,TNK_5,Low,20,20.187,7.725575415198732,-54.8,7.34,99.8,49.7,32.7,2455.27264560681,NA,NA,1012.6560478411608,1012.6560611746563,2213.2203024735054,100.1962702991447,2346.452647827466,1.579049803944807,2.4406179006961635
2022-08-28,TNK_6,Low,22,22.213,7.733576420951051,-56.2,7.14,103.9,50,32.9,2446.67043992781,NA,NA,992.5059393311705,992.505951609213,2183.294712393374,109.10764924498726,2323.015135840805,1.732289761004364,2.6618163282096177
2022-08-28,TNK_7,Low,24,25.067,7.802767640949039,-61.7,6.87,104.1,49.8,32.6,2458.15253517755,NA,NA,840.0853767957209,840.0853850891292,2127.7510486407873,137.4447192193514,2289.3065938898135,2.214743084627933,3.378126341903543
2022-08-28,TNK_8,Low,26,26.103,7.772728741082681,-60.4,6.49,96.8,50.1,32.9,2446.7281204253995,NA,NA,903.2050533848915,903.2050627664602,2124.3141771855853,133.99797300291814,2283.5265847949836,2.167073809051806,3.29265166233922
2022-08-28,TNK_9,Low,12,12.454,7.92762854469048,-62.7,9.46,112.56,50.1,32.6,2451.27641769483,NA,NA,591.5712023361486,591.5712076883784,2168.0959791227788,116.1668623566734,2308.5336889247633,1.7875103147324825,2.8119332819595986
2022-08-28,TNK_10,Ambient,14,13.933,8.024341083724964,-68.9,8.7,104.6,50.2,32.9,2445.80906477528,NA,NA,459.2503052177506,459.25030834369505,2083.371436583567,148.77743607898762,2250.106858697362,2.2951559839838787,3.5974372307287936
2022-08-28,TNK_11,Ambient,16,16.312,8.014368265506782,-69.6,8.22,102.8,50.1,32.6,2455.20146998725,NA,NA,475.9124885910043,475.9124917844684,2073.6581271619525,157.3313653878571,2248.3427092822685,2.44675570045546,3.8181827309050584
2022-08-28,TNK_12,Ambient,18,18.258,8.002519420371614,-69.9,7.89,99.9,49.9,32.8,2454.74029958426,NA,NA,491.054879992801,491.054883256511,2056.8275775821116,164.29289482480752,2238.020577332629,2.5694658426437913,3.9896180736952913
2022-08-28,TNK_13,Ambient,20,20.372,7.936992878004402,-67.2,7.63,105.2,49.8,32.7,2455.90236756156,NA,NA,586.3522540803334,586.3522585332097,2082.7129374813912,154.48072874947576,2256.2252201063084,2.43633137812543,3.7638571534854592
2022-08-28,TNK_14,Ambient,22,21.876,7.941305580575657,-68.2,6.99,99.1,50.1,32.9,2469.86585880846,NA,NA,582.5985582008593,582.5985624609357,2071.963798113689,164.98020613181245,2255.0757722467733,2.6155810270317588,4.022764087617646
2022-08-28,TNK_15,Ambient,24,25.969,7.908256713873129,-68.4,7.01,104.3,50.1,32.7,2465.15285146374,NA,NA,636.6117550455657,636.6117597197283,2045.6723091175836,174.5494418702801,2238.074573087935,2.8240099120449322,4.294724827030575
2022-08-28,TNK_16,Ambient,26,26.897,7.913907758666476,-69.2,5.98,99.8,50.6,32.9,2459.57292357474,NA,NA,624.1257364449389,624.1257408517132,2022.5378376526703,181.7489997878978,2221.374266332591,2.9515672635004573,4.473680630479789
2022-08-28,TNK_18,Ambient,12,12.034,7.962846954354121,-64.4,10.32,118.2,50.8,33.2,2457.06100018823,NA,NA,538.7307031602783,538.7307076374975,2152.0056558575793,124.86703554896026,2299.1872195191904,1.9152702841643054,3.011213378114974
2022-08-28,TNK_SMP,Sump,10,11.812,8.020398745251311,-67.6,10.54,114.9,50.2,32.8,2473.70771917376,NA,NA,468.0938893559056,468.09389275252965,2135.35468210725,138.8618105704337,2293.7925035588332,2.1320624900864855,3.356449808404804
2022-08-29,TNK_2,Low,14,13.1984,7.677491009924448,-49.9,9.95,103.9,50,32.8,2495.2411369073893,NA,NA,1130.9974798409241,1130.9974990979877,2319.588485559317,72.26855299288799,2437.129630705263,1.1132109697861392,1.7478371080111674
2022-08-29,TNK_3,Low,16,18.216,7.647697656590166,-49.9,7.47,96.4,50.1,32.8,2457.24596851574,NA,NA,1223.2905118463152,1223.2905321198298,2264.0903975142805,79.76365822977071,2386.005123455025,1.2472828714562916,1.9368564822277674
2022-08-29,TNK_4,Low,18,19.876,7.7462269906468215,-56.2,7.23,95.5,50.1,32.8,2506.8636629221296,NA,NA,980.1110930399276,980.1111056105137,2251.6978400913126,105.93350886066388,2389.8617018592595,1.6666734629024265,2.577480528724377
2022-08-29,TNK_5,Low,20,22.304,7.597906763546611,-48.4,7.89,99,50,32.8,2455.27264560681,NA,NA,1403.0621014123492,1403.0621259058298,2256.219104420002,82.56963622904648,2381.986938301554,1.3121179339725837,2.016171601797226
2022-08-29,TNK_6,Low,22,26.585,7.739069680514941,-58.3,7.13,95,50,32.7,2446.67043992781,NA,NA,987.8016436878241,987.8016548000757,2142.368531661843,126.62171914141796,2296.274346758551,2.055185411955824,3.119636549909388
2022-08-29,TNK_7,Low,24,26.506,7.778261478820104,-60.6,7.71,104.7,50,32.7,2458.15253517755,NA,NA,896.275964695657,896.275973858854,2128.4134623212453,137.28306115005938,2290.500586419619,2.2273009288586754,3.3817169799073836
2022-08-29,TNK_8,Low,26,32.583,7.77113039361264,-62.6,6.32,88.7,50.4,32.8,2446.7281204253995,NA,NA,910.032804286274,910.0328126247164,2056.87615543544,162.64183431955806,2241.3838095668475,2.733469721456165,4.066842244966602
2022-08-29,TNK_9,Low,12,12.883,7.919236652068312,-63.4,10.38,120.5,51.2,33.6,2451.27641769483,NA,NA,601.1993376254597,601.1993431008668,2161.7521990384444,118.4042914853773,2304.3378538479433,1.8167360191016444,2.8492337869322446
2022-08-29,TNK_10,Ambient,14,13.955,8.03258967171219,-70.4,9.08,107.8,50,32.7,2445.80906477528,NA,NA,450.04784820730237,450.0478512081256,2079.007310763792,150.68772343605724,2247.3035055731766,2.3265638670612154,3.648189268674506
2022-08-29,TNK_11,Ambient,16,17.552,8.017202133486828,-71,7.9,100.7,49.9,32.7,2455.20146998725,NA,NA,472.41173368654216,472.4117367522741,2055.5585900331903,164.95397730216078,2237.1145604465005,2.574638062777193,4.0053359012319145
2022-08-29,TNK_12,Ambient,18,20.125,8.031424541420373,-72.9,7.52,101,49.9,32.7,2454.74029958426,NA,NA,454.76987873878267,454.76988143114943,2010.8314870885768,183.67309891267035,2209.366061324499,2.8939033359716824,4.47360001563032
2022-08-29,TNK_13,Ambient,20,22.25,7.978057954813873,-70.7,7.56,105.2,50,32.5,2455.90236756156,NA,NA,526.5621287328421,526.5621321868497,2030.2693333146995,176.5927105913449,2223.1276102728643,2.8096805295392517,4.321159347767648
2022-08-29,TNK_14,Ambient,22,26.056,7.880597086062331,-66.5,8.1,100,50,32.7,2469.86585880846,NA,NA,687.0422195951878,687.0422250295104,2070.453101353906,166.28857920510634,2255.9672818614035,2.6915663486477612,4.092226966542775
2022-08-29,TNK_15,Ambient,24,27.421,7.916439915536256,-69.2,7.05,105.9,50,32.7,2465.15285146374,NA,NA,622.2133325732594,622.213336906778,2020.4851456857905,185.17661470447908,2222.5022823329614,3.0191036129801705,4.570917413464157
2022-08-29,TNK_16,Ambient,26,29.643,7.862771012614955,-66.9,6.55,86,50.5,32.9,2459.57292357474,NA,NA,715.599891980661,715.5998974559337,2029.902930077626,179.0019454495687,2227.2613015593547,2.9520844175120735,4.435231856387348
2022-08-29,TNK_18,Ambient,12,13.444,7.946063963528901,-65.2,11.69,113.2,50.7,33.2,2457.06100018823,NA,NA,564.5678270330596,564.567831805494,2148.1947646683916,126.65152021246308,2297.216531207016,1.9490675714613255,3.0559597801013494
2022-08-29,TNK_SMP,Sump,10,10.875,8.040963387336417,-69.6,10.63,114.7,50.2,32.8,2473.70771917376,NA,NA,442.70493672550214,442.7049398246477,2131.8462681108895,140.14412674678104,2291.0721284015754,2.1475040949008926,3.3865224307780597
2022-08-30,TNK_2,Low,14,12.375,7.671571596744609,-49.4,10.37,119.7,49.9,32.6,2495.2411369073893,NA,NA,1144.584446947005,1144.584467017754,2327.5857482433735,68.94815683296639,2443.611044084602,1.0607385467489434,1.6689003515053575
2022-08-30,TNK_3,Low,16,16.358,7.6033348261204114,-46.8,9.53,118.4,49.8,32.6,2457.24596851574,NA,NA,1356.4250587839701,1356.4250847031394,2293.1709776794864,67.64584359736932,2410.2088737851036,1.0521541196167439,1.6417253402124174
2022-08-30,TNK_4,Low,18,18.316,7.654865661190527,-50.4,7.37,94.9,49.9,32.7,2506.8636629221296,NA,NA,1227.4700205099623,1227.4700408808487,2307.2860756048035,82.74206106190162,2432.229150635245,1.2948828485932338,2.0107662015949037
2022-08-30,TNK_5,Low,20,20.534,7.547609595242958,-44.9,7.51,101.5,49.9,32.7,2455.27264560681,NA,NA,1580.0008919689797,1580.000924196519,2287.1663340513865,69.62812809312499,2407.8497607364247,1.0988225971135857,1.6968440680966799
2022-08-30,TNK_6,Low,22,22.515,7.639003759582289,-50.9,7.06,98.9,49.9,32.7,2446.67043992781,NA,NA,1263.2627049154721,1263.2627246854165,2229.2991295961338,90.15585758001075,2358.1562625862503,1.4347070903934378,2.2038027008231262
2022-08-30,TNK_7,Low,24,23.712,7.633496663183668,-51,7.12,101.9,49.8,32.6,2458.15253517755,NA,NA,1292.1902910874996,1292.1903112680543,2234.416415630509,93.01214913823706,2365.8203154476764,1.4889938674344712,2.2800985026897598
2022-08-30,TNK_8,Low,26,24.73,7.615878890981951,-50.3,6.76,98.1,49.9,32.7,2446.7281204253995,NA,NA,1347.1578679333543,1347.1578894089423,2224.1434389937485,92.52024821769324,2355.634676040471,1.4875926371119281,2.2706825689384127
2022-08-30,TNK_9,Low,12,12.42,7.701312600972992,-51.1,9.86,110.9,49.8,32.6,2451.27641769483,NA,NA,1044.9871683585413,1044.9871850722382,2274.9444551552638,72.29135024987976,2390.1553370156585,1.1122895955348393,1.7498571334115742
2022-08-30,TNK_10,Ambient,14,13.86,7.866673504404548,-61,8.82,104.2,49.8,32.6,2445.80906477528,NA,NA,692.6433977088891,692.6434048315815,2184.3568966046937,107.38801548098647,2318.9417537842364,1.6582456521159699,2.601345558973856
2022-08-30,TNK_11,Ambient,16,15.904,7.860431063319382,-61.4,8.31,102.8,49.8,32.6,2455.20146998725,NA,NA,710.5981823123657,710.5981894934096,2178.1772532598625,114.15273818512185,2318.5559653376213,1.7730117208344105,2.7693195114845293
2022-08-30,TNK_12,Ambient,18,17.821,7.825521403091441,-60.1,8.08,103.8,49.9,32.6,2454.74029958426,NA,NA,780.7163129646501,780.7163212913833,2180.174387891699,113.38787330679263,2320.8040807003877,1.772171139999485,2.755856662013295
2022-08-30,TNK_13,Ambient,20,20.214,7.796529296290346,-59.3,7.89,106.1,49.7,32.6,2455.90236756156,NA,NA,846.0889488299297,846.0889581330181,2176.1842994307717,115.82892107178594,2319.6120416659282,1.8264477802699794,2.8234973138878683
2022-08-30,TNK_14,Ambient,22,23.919,7.773093108860931,-59.3,6.99,100.6,49.6,32.6,2469.86585880846,NA,NA,910.4033694896112,910.4033794634969,2168.3395735410836,125.43009769241945,2320.6742547435533,2.009917808660128,3.075969732667066
2022-08-30,TNK_15,Ambient,24,22.755,7.773241945300165,-58.9,7.55,106.9,49.5,32.4,2465.15285146374,NA,NA,907.751312026424,907.7513221856909,2176.3822197061954,120.04294251637607,2324.1108956137,1.9151649624508957,2.9420984792560416
2022-08-30,TNK_16,Ambient,26,25.135,7.738157108120408,-57.7,6.2,90.8,49.7,32.5,2459.57292357474,NA,NA,994.7607992602113,994.7608108735444,2169.492370496559,120.76056214891074,2318.7715608234375,1.9475714970934752,2.970784619874006
2022-08-30,TNK_18,Ambient,12,13.097,7.817291767725925,-57.9,8.93,104.3,50,32.7,2457.06100018823,NA,NA,786.1674779177392,786.1674872424217,2225.484896236007,95.05625774410518,2352.1304183894445,1.4644101818345427,2.3002454114491626
2022-08-30,TNK_SMP,Sump,10,10.006,7.838682975445859,-58,10.89,116.3,49.9,32.7,2473.70771917376,NA,NA,741.4590146505728,741.4590235065391,2254.5555311225608,89.69170026287206,2377.148683950416,1.372558386609013,2.168235180617525
2022-08-31,TNK_2,Low,14,13.895,7.6468064795144075,-48.4,9.73,115.5,50.6,32.9,2495.2411369073893,NA,NA,1222.8410504577653,1222.8410726398502,2326.302680813911,69.54512185222721,2443.7202304737184,1.0727502180637107,1.6815639631797459
2022-08-31,TNK_3,Low,16,16.613,7.5749074638464995,-45.2,8.48,106.4,49.9,32.7,2457.24596851574,NA,NA,1455.175905344068,1455.1759350140621,2301.1368498238962,64.360662472296,2418.055717235611,1.0014546730803946,1.5613418893325366
2022-08-31,TNK_4,Low,18,18.609,7.644936896639795,-49.9,7.53,98,49.9,32.7,2506.8636629221296,NA,NA,1259.4707825376834,1259.470803853723,2309.5104715420275,81.84814991522603,2434.30049505226,1.2822368541179534,1.9897117365376913
2022-08-31,TNK_5,Low,20,20.653,7.552753679528807,-45.2,7.29,98.5,50.1,32.9,2455.27264560681,NA,NA,1559.0601205748726,1559.0601518719586,2283.708521462166,71.02136303750505,2404.8821677297005,1.1202867520751334,1.7286206736115721
2022-08-31,TNK_6,Low,22,22.484,7.649467424725945,-51.5,6.5,91.1,49.9,32.7,2446.67043992781,NA,NA,1230.4118263908258,1230.411845157895,2224.7004333089867,92.0583475019071,2354.4845441527646,1.4647819339915427,2.2501919046081724
2022-08-31,TNK_7,Low,24,24.589,7.609796136839165,-49.9,6.69,97.7,49.9,32.7,2458.15253517755,NA,NA,1373.8458934898777,1373.8459158900448,2238.5315109804797,91.35102264577009,2369.768140124912,1.4677842864298047,2.2413714397787965
2022-08-31,TNK_8,Low,26,28.856,7.476716632680513,-43.4,5.87,90.4,50.6,33.1,2446.7281204253995,NA,NA,1923.910443766752,1923.9104839884747,2255.057714431942,79.88054926595579,2385.1419853400575,1.3098175068357296,1.9719564987318758
2022-08-31,TNK_9,Low,12,12.385,7.705799004974821,-51.3,9.56,110.1,49.7,32.5,2451.27641769483,NA,NA,1033.8994173618364,1033.8994337355746,2273.9338126205926,72.72870079014315,2389.200603144839,1.1193262700131277,1.7614643159838623
2022-08-31,TNK_10,Ambient,14,13.907,7.858928674484192,-60.5,8.67,103.2,50,32.8,2445.80906477528,NA,NA,705.616579579344,705.6165869633119,2186.7642981006034,106.32711288206136,2320.7225657011954,1.6408119102899332,2.572543268593331
2022-08-31,TNK_11,Ambient,16,15.98,7.857576925992887,-61.2,8.17,101.5,50,32.8,2455.20146998725,NA,NA,714.9800513375649,714.9800585950628,2177.6943821610175,114.28020546542116,2318.269521003701,1.773956133068798,2.7690170864654178
2022-08-31,TNK_12,Ambient,18,18.072,7.836944881213227,-60.8,7.63,98.5,50,32.8,2454.74029958426,NA,NA,757.5819320701353,757.5819398686849,2169.9581799702205,117.55756483972593,2313.7276188424194,1.8373490091883744,2.854135237124128
2022-08-31,TNK_13,Ambient,20,20.455,7.800609035099726,-59.6,7.54,101.9,49.9,32.7,2455.90236756156,NA,NA,837.1202821242773,837.1202911849875,2170.9311570642226,117.9919672318414,2316.0321118749744,1.8614786855571581,2.8751565345123953
2022-08-31,TNK_14,Ambient,22,23.573,7.768849051596415,-58.9,6.91,98.2,50.1,32.8,2469.86585880846,NA,NA,918.5520614485714,918.5520716732841,2172.6630968248182,123.5109782340308,2323.529497172538,1.9739541822677074,3.02239976222649
2022-08-31,TNK_15,Ambient,24,25.052,7.7557877013896555,-58.7,6.31,93.3,49.9,32.7,2465.15285146374,NA,NA,951.1883688481992,951.1883794829527,2163.180159365152,125.65735646870367,2316.1306619555844,2.023594313511138,3.085916186860798
2022-08-31,TNK_16,Ambient,26,25.598,7.739370993150191,-57.9,6.34,93.4,50.4,33,2459.57292357474,NA,NA,988.7534909273301,988.753502287254,2160.7473772020903,124.23425572236985,2312.9155616365997,2.0029145369674186,3.047123237719032
2022-08-31,TNK_18,Ambient,12,13.106,7.866193230154179,-60.6,8.99,107.4,50.2,32.9,2457.06100018823,NA,NA,693.7787290693994,693.7787363291025,2199.402704053276,105.69994069178878,2332.9365405124627,1.6271913063567531,2.554712268560545
2022-08-31,TNK_SMP,Sump,10,10.009,7.683526786075228,-49.2,9.62,109.6,50.1,32.8,2473.70771917376,NA,NA,1088.245783060397,1088.2458021361983,2315.700653226913,64.61658597896546,2428.571617259673,0.9885038967529096,1.561174667255657
2022-09-01,TNK_2,Low,14,13.868,7.558394195548322,-43.3,9.83,116.5,50.8,33.3,2495.2411369073893,NA,NA,1514.6871148474272,1514.6871488947031,2354.3136768750805,57.93002718675671,2471.440882211869,0.8920897257963665,1.3972110409208844
2022-09-01,TNK_3,Low,16,16.899,7.691925040044065,-52,8.85,111.6,50.1,32.9,2457.24596851574,NA,NA,1089.9110733501705,1089.9110898925333,2253.797415119221,83.84997260725545,2376.6351593481572,1.3048046070331771,2.03200272320395
2022-09-01,TNK_4,Low,18,18.388,7.504931546270766,-41.7,7.49,97.3,50.1,32.9,2506.8636629221296,NA,NA,1773.5493186933757,1773.549361154897,2361.064198798069,60.416947061857776,2482.25522677292,0.944906594467962,1.4663530582812059
2022-09-01,TNK_5,Low,20,20.823,7.6428777335876505,-50.5,7.22,98.2,50.2,33,2455.27264560681,NA,NA,1246.7133550687004,1246.713375008867,2245.746734179103,86.71158773376271,2372.3524921842054,1.3680605706316713,2.109500753587216
2022-09-01,TNK_6,Low,22,22.533,7.601656516960355,-48.7,6.47,90.7,50,32.8,2446.67043992781,NA,NA,1386.0960961908797,1386.0961199822239,2245.104456848119,83.58016689732048,2371.1025559821514,1.3295119449570156,2.0416114711216875
2022-09-01,TNK_7,Low,24,24.468,7.566679644892387,-47.3,6.93,100.5,50,32.8,2458.15253517755,NA,NA,1528.6679714626384,1528.6679992638976,2257.883312274635,83.27479713971418,2385.6481315806286,1.336539560654732,2.041162531373318
2022-09-01,TNK_8,Low,26,27.221,7.566620411771781,-48.2,5.34,81.9,50.7,33.2,2446.7281204253995,NA,NA,1529.5287199208774,1529.528746208255,2226.307717728676,91.6789842168548,2359.4589681074335,1.4888823947744716,2.252731836448052
2022-09-01,TNK_9,Low,12,12.296,7.648567674133294,-48,9.05,103.8,50,32.7,2451.27641769483,NA,NA,1188.3791184875467,1188.3791401589074,2294.0666960594294,64.41264085453685,2407.4492308524623,0.9904217705042033,1.558136845758675
2022-09-01,TNK_10,Ambient,14,13.932,7.969606273672824,-66.8,8.48,101,50.2,32.9,2445.80906477528,NA,NA,530.2287874205613,530.2287915875382,2120.550617679015,133.49576266987154,2274.7804586646357,2.0594036532697158,3.2279246357390874
2022-09-01,TNK_11,Ambient,16,15.924,7.912462760200319,-64.3,8.04,99.7,50.3,33,2455.20146998725,NA,NA,619.7009825283872,619.7009879862527,2144.0646753841725,128.03800484750218,2294.902739764759,1.9855208503312665,3.0982127651241758
2022-09-01,TNK_12,Ambient,18,17.913,7.898811781131986,-64.3,7.35,94.8,50.2,32.9,2454.74029958426,NA,NA,644.8784543948306,644.8784600640564,2132.921280125998,132.7770321518092,2288.0986282844074,2.0731637921627284,3.220919316639131
2022-09-01,TNK_13,Ambient,20,20.593,7.89408495934637,-65.1,7.5,101.4,49.5,32.7,2455.90236756156,NA,NA,656.8131220140235,656.8131275757863,2110.557356636294,142.99312232255866,2274.7401958500286,2.257152350515041,3.4850463565969885
2022-09-01,TNK_14,Ambient,22,22.743,7.817159475869513,-61.4,6.95,97,50.2,33,2469.86585880846,NA,NA,808.244831172486,808.2448392249876,2149.084147315655,133.10221139415285,2306.7537256961546,2.117096810103267,3.2475701332819424
2022-09-01,TNK_15,Ambient,24,24.379,7.848772563752617,-63.9,6.33,91.2,50.4,33,2465.15285146374,NA,NA,743.8645481637459,743.8645547571743,2106.3657125959203,149.01193438444753,2277.0495687246625,2.3880675446754815,3.6462047182387747
2022-09-01,TNK_16,Ambient,26,24.673,7.770453140904422,-59.4,6.83,98.5,50.2,32.9,2459.57292357474,NA,NA,911.7747364758515,911.774746322801,2151.227960974716,128.1246779052484,2305.73460198873,2.0573251756702793,3.139284228970652
2022-09-01,TNK_18,Ambient,12,13.564,7.927973440471585,-64.3,8.52,101.5,50.1,32.8,2457.06100018823,NA,NA,593.3999105391337,593.399915799143,2161.054970259623,121.56649735871636,2306.106066226445,1.8743140149405706,2.9406852021905556
2022-09-01,TNK_SMP,Sump,10,9.521,7.904946335717988,-61.5,9.46,110.6,49.8,32.5,2473.70771917376,NA,NA,627.0979693704425,627.0979757713784,2227.5471152236205,100.77572675189839,2356.635807713243,1.5418310501245767,2.4387634009383374
