Date,Tank_ID,Temp_Treatment,pH_Treatment,Temp_C,DO_mgL,DO_Percent,Conductivity,Salinity,YSI_Temp,mV,TrisCalDate,pH,TA,TA_evap
2022-08-16,TNK_2,14,Low,14.158,13.45,130.7,50.4,33,14.3,-76.6,20220816,7.790570768357563,2295.85838883838,2294.54721899895
2022-08-16,TNK_3,16,Low,17.266,9.14,116,49.8,32.7,17.4,-84.5,20220816,7.906531987917979,2257.31550880304,2254.73866461491
2022-08-16,TNK_4,18,Low,20.916,6.66,90.4,50,32.8,21.1,-73.6,20220816,7.6943895052310545,2365.70703174326,2361.65847435864
2022-08-16,TNK_5,20,Low,21.848,8.21,94.9,50.1,32.9,22.1,-69.6,20220816,7.620337798731322,2303.44318752073,2298.19018139184
2022-08-16,TNK_6,22,Low,21.93,8.37,96,50.1,32.9,22.1,-77.6,20220816,7.756469735106542,2292.59194101709,2286.06034004553
2022-08-16,TNK_7,24,Low,24.001,6.47,92.9,49.9,32.7,24,-74,20220816,7.681347242620784,2296.17185028237,2288.32616058892
2022-08-16,TNK_8,26,Low,31.07,5.32,85.2,50.5,33,31.3,-78.2,20220816,7.705932991983612,2254.77409228404,2245.79092856977
2022-08-16,TNK_9,12,Low,18.17,8.33,107.2,49,32.2,18.3,-58,20220816,7.440628439332909,2280.98087955248,2270.60098931561
2022-08-16,TNK_10,14,Ambient,13.915,8.9,106,50.1,32.8,14.1,-95,20220816,8.114720965972237,2284.82225005071,2273.13185763999
2022-08-16,TNK_11,16,Ambient,17.456,7.8,99.5,49.8,32.7,17.6,-78.5,20220816,7.801145150231276,2271.72047974074,2258.81297701494
2022-08-16,TNK_12,18,Ambient,19.02,7.57,99.4,50.1,32.9,19.2,-80.6,20220816,7.827412475365114,2284.84505247732,2270.5728800882
2022-08-16,TNK_13,20,Ambient,22.235,8.81,101.8,50.1,32.9,22.4,-90.5,20220816,7.974554168237956,2248.39354727234,2233.08099189932
2022-08-16,TNK_14,22,Ambient,25.046,6.15,90.7,50.2,32.9,25.3,-86.1,20220816,7.879556383289591,2294.0192836439,2277.10365648146
2022-08-16,TNK_15,24,Ambient,29.954,7.03,98.5,50.4,32.9,30.1,-85,20220816,7.826338084700722,2257.36331189182,2239.44773005141
2022-08-16,TNK_16,26,Ambient,31.952,5.46,80.6,50.9,33.2,32.2,-93.2,20220816,7.94807747456489,2280.20319399051,2260.82469659116
2022-08-16,TNK_18,12,Ambient,15.205,11.8,112.9,50.2,32.8,13.4,-84.3,20220816,7.917769260736715,2272.10671598968,2251.52137767947
2022-08-16,TNK_SMP,10,Sump,10.199,11.22,123,50.9,33.2,10.1,-91.3,20220816,8.07885130792938,2214.98437571314,2193.67439586757
2022-08-17,TNK_2,14,Low,14.186,10.4,124,49.05,32,14.4,-70.9,20220817,7.687999490398181,2295.85838883838,2294.54721899895
2022-08-17,TNK_3,16,Low,14.612,9.9,118.6,50,32.8,14.7,-70.9,20220817,7.687265047781525,2257.31550880304,2254.73866461491
2022-08-17,TNK_4,18,Low,18.074,8.57,110.9,50,32.8,18.2,-74.7,20220817,7.731498170220957,2365.70703174326,2361.65847435864
2022-08-17,TNK_5,20,Low,19.308,8.23,108,50.2,33,19.3,-74.8,20220817,7.72573448933789,2303.44318752073,2298.19018139184
2022-08-17,TNK_6,22,Low,20.565,7.45,100.7,50.2,33,20.7,-74.7,20220817,7.71592762383028,2292.59194101709,2286.06034004553
2022-08-17,TNK_7,24,Low,20.846,7.64,102.2,50.2,33,20.2,-76,20220817,7.73640580339972,2296.17185028237,2288.32616058892
2022-08-17,TNK_8,26,Low,25.022,6.66,97.7,50.1,32.8,25.4,-77.3,20220817,7.730791678729558,2254.77409228404,2245.79092856977
2022-08-17,TNK_9,12,Low,15.623,8.57,105.3,50.2,32.9,15.7,-72.6,20220817,7.710871661555347,2280.98087955248,2270.60098931561
2022-08-17,TNK_10,14,Ambient,13.004,9.18,107.4,50.2,32.8,13.2,-84.4,20220817,7.935079039932957,2284.82225005071,2273.13185763999
2022-08-17,TNK_11,16,Ambient,15.958,8.18,101.4,50.2,32.9,16.1,-84.9,20220817,7.923166680636928,2271.72047974074,2258.81297701494
2022-08-17,TNK_12,18,Ambient,17.33,7.92,100.8,50.1,32.9,17.5,-84.1,20220817,7.899602238875049,2284.84505247732,2270.5728800882
2022-08-17,TNK_13,20,Ambient,20.68,7.45,100.3,49.8,32.7,20.7,-85.9,20220817,7.906644630327968,2248.39354727234,2233.08099189932
2022-08-17,TNK_14,22,Ambient,22.066,6.97,96.8,50.2,32.9,22.2,-81.2,20220817,7.817030092687818,2294.0192836439,2277.10365648146
2022-08-17,TNK_15,24,Ambient,22.63,7.51,105.6,50,32.7,22.8,-90.2,20220817,7.966130660875967,2257.36331189182,2239.44773005141
2022-08-17,TNK_16,26,Ambient,17.2,8.5,108,50.5,33.1,17.4,-91.3,20220817,8.025949687518406,2280.20319399051,2260.82469659116
2022-08-17,TNK_18,12,Ambient,12.156,9.72,111.8,50.6,33.1,12.3,-85.4,20220817,7.95952354774157,2272.10671598968,2251.52137767947
2022-08-17,TNK_SMP,10,Sump,10.322,9.82,108.7,50.6,33,10.5,-84.6,20220817,7.958278217283025,2214.98437571314,2193.67439586757
2022-08-18,TNK_2,14,Low,14.236,8.9,106.6,50,32.7,14.4,-70.6,20220818,7.684108313931097,2295.85838883838,2294.54721899895
2022-08-18,TNK_3,16,Low,14.425,8.82,106.3,50.5,33.2,14.4,-73.4,20220818,7.733215343927127,2257.31550880304,2254.73866461491
2022-08-18,TNK_4,18,Low,17.941,7.02,90.5,50.4,33.1,18.1,-76,20220818,7.755544453911315,2365.70703174326,2361.65847435864
2022-08-18,TNK_5,20,Low,19.497,7.33,97.3,50.1,32.9,19.7,-75.2,20220818,7.731185107539144,2303.44318752073,2298.19018139184
2022-08-18,TNK_6,22,Low,21.212,7.11,97.6,50.4,33.1,21.3,-74.7,20220818,7.711981477418202,2292.59194101709,2286.06034004553
2022-08-18,TNK_7,24,Low,14.268,8.91,106.5,49.5,32.4,14.4,-75.4,20220818,7.767352614553769,2296.17185028237,2288.32616058892
2022-08-18,TNK_8,26,Low,25.893,5.14,85.4,50.4,33,26,-78,20220818,7.737228189907985,2254.77409228404,2245.79092856977
2022-08-18,TNK_9,12,Low,15.549,9.09,111.9,49.8,32.5,15.7,-73.6,20220818,7.727850889090448,2280.98087955248,2270.60098931561
2022-08-18,TNK_10,14,Ambient,12.929,9.22,107.3,49.7,32.6,13.1,-90.3,20220818,8.039055666616674,2284.82225005071,2273.13185763999
2022-08-18,TNK_11,16,Ambient,15.871,7.88,97.6,50.5,33.1,15.9,-91.1,20220818,8.032367284825144,2271.72047974074,2258.81297701494
2022-08-18,TNK_12,18,Ambient,17.925,7.25,93.5,50.4,33.1,18,-91.1,20220818,8.017095392871001,2284.84505247732,2270.5728800882
2022-08-18,TNK_13,20,Ambient,20.499,7.21,97.7,50.2,33,20.7,-88.8,20220818,7.958344305708483,2248.39354727234,2233.08099189932
2022-08-18,TNK_14,22,Ambient,22.096,6.82,94.7,50.3,33,22.2,-84,20220818,7.864830787562915,2294.0192836439,2277.10365648146
2022-08-18,TNK_15,24,Ambient,22.429,7.26,100.5,48.9,31.9,22.7,-92.3,20220818,8.001774163632613,2257.36331189182,2239.44773005141
2022-08-18,TNK_16,26,Ambient,14.669,9.27,112.9,51.4,33.8,14.9,-92.5,20220818,8.067563612182965,2280.20319399051,2260.82469659116
2022-08-18,TNK_18,12,Ambient,12.101,9.61,110.5,50.9,33.3,12.2,-92.1,20220818,8.078799443169956,2272.10671598968,2251.52137767947
2022-08-18,TNK_SMP,10,Sump,11.845,10.03,111.4,51.5,33.6,10.3,-88.7,20220818,8.021390500184536,2214.98437571314,2193.67439586757
2022-08-19,TNK_2,14,Low,14.201,12.4,148.7,50.1,32.8,14.4,-70,20220819,7.627188617215406,2295.85838883838,2294.54721899895
2022-08-19,TNK_3,16,Low,15.227,10.34,126.7,50.3,33.5,15.4,-72.5,20220819,7.665385060225098,2257.31550880304,2254.73866461491
2022-08-19,TNK_4,18,Low,18.123,7.4,108.6,50.4,33.1,18.2,-73.2,20220819,7.6558974417285395,2365.70703174326,2361.65847435864
2022-08-19,TNK_5,20,Low,19.979,7.86,104.6,50.4,33.1,19.7,-74.3,20220819,7.661560718134066,2303.44318752073,2298.19018139184
2022-08-19,TNK_6,22,Low,19.366,7.99,105.8,50.3,33.1,19.5,-73.1,20220819,7.645298132627787,2292.59194101709,2286.06034004553
2022-08-19,TNK_7,24,Low,23.548,7.01,100.1,49.5,32.5,23.8,-71,20220819,7.578638854858,2296.17185028237,2288.32616058892
2022-08-19,TNK_8,26,Low,21.755,7.11,98.3,50.2,32.9,21.9,-75.7,20220819,7.672292446881515,2254.77409228404,2245.79092856977
2022-08-19,TNK_9,12,Low,11.773,9.93,112.6,48.9,31.5,11.9,-71.8,20220819,7.672867984731681,2280.98087955248,2270.60098931561
2022-08-19,TNK_10,14,Ambient,13.998,8.63,103.1,50.3,33,14.2,-90.3,20220819,7.985386830529461,2284.82225005071,2273.13185763999
2022-08-19,TNK_11,16,Ambient,15.886,7.9,97.9,50.3,33,16,-89.6,20220819,7.95764054891095,2271.72047974074,2258.81297701494
2022-08-19,TNK_12,18,Ambient,18.041,7.59,98.9,50.4,33.1,18.2,-90.4,20220819,7.954171656908312,2284.84505247732,2270.5728800882
2022-08-19,TNK_13,20,Ambient,20.45,7.8,105.3,49.9,32.7,20.6,-90.7,20220819,7.938818954726384,2248.39354727234,2233.08099189932
2022-08-19,TNK_14,22,Ambient,22.06,7.35,102.2,50.3,33,22.2,-89.2,20220819,7.90075778663279,2294.0192836439,2277.10365648146
2022-08-19,TNK_15,24,Ambient,22.832,7.45,104.8,49.7,32.6,23,-92,20220819,7.941405569841129,2257.36331189182,2239.44773005141
2022-08-19,TNK_16,26,Ambient,24.821,6.75,98.6,50.5,33.1,24.9,-93.7,20220819,7.954878534222386,2280.20319399051,2260.82469659116
2022-08-19,TNK_18,12,Ambient,12.391,9.95,116.6,51.3,33.8,12.6,-90.2,20220819,7.998954871233416,2272.10671598968,2251.52137767947
2022-08-19,TNK_SMP,10,Sump,10.323,10.5,113,51.5,28,9.8,-89.5,20220820,7.989421575448622,2214.98437571314,2193.67439586757
2022-08-20,TNK_2,14,Low,15.781,9.91,120.9,50.4,33,15.9,-74.4,20220820,7.69336700424012,2295.85838883838,2294.54721899895
2022-08-20,TNK_3,16,Low,16.856,9.26,116.8,50.3,33,16.8,-76.2,20220820,7.716864584819389,2257.31550880304,2254.73866461491
2022-08-20,TNK_4,18,Low,19.453,7.91,103.4,50.5,33.2,19.4,-75.4,20220820,7.68451540926652,2365.70703174326,2361.65847435864
2022-08-20,TNK_5,20,Low,19.113,7.83,102.7,50.7,33.3,19.2,-77.9,20220820,7.730321716980044,2303.44318752073,2298.19018139184
2022-08-20,TNK_6,22,Low,18.312,7.63,99.2,50.4,33.1,18.5,-77.5,20220820,7.728899602984073,2292.59194101709,2286.06034004553
2022-08-20,TNK_7,24,Low,23.179,7.17,100.8,50.3,32.1,23.4,-74,20220820,7.631430258089686,2296.17185028237,2288.32616058892
2022-08-20,TNK_8,26,Low,25.884,6.34,94,50.6,33.2,26.1,-78.8,20220820,7.69514092330532,2254.77409228404,2245.79092856977
2022-08-20,TNK_9,12,Low,13.684,9.62,113,50.5,33.1,13.8,-78.8,20220820,7.786168208008323,2280.98087955248,2270.60098931561
2022-08-20,TNK_10,14,Ambient,13.858,9.4,118,50.7,33.2,14,-90.8,20220820,7.995814092953873,2284.82225005071,2273.13185763999
2022-08-20,TNK_11,16,Ambient,15.797,8.6,105.9,50.4,33.1,15.8,-90.8,20220820,7.979534923732775,2271.72047974074,2258.81297701494
2022-08-20,TNK_12,18,Ambient,17.625,8.1,103.9,50.6,33.2,17.8,-91.7,20220820,7.980334490838184,2284.84505247732,2270.5728800882
2022-08-20,TNK_13,20,Ambient,18.589,8.2,106.9,50.2,33,18.7,-88.7,20220820,7.9201037822111084,2248.39354727234,2233.08099189932
2022-08-20,TNK_14,22,Ambient,20.356,7.52,101.6,50.3,33.1,20.6,-89.1,20220820,7.91297831318392,2294.0192836439,2277.10365648146
2022-08-20,TNK_15,24,Ambient,24.052,7.11,102.5,50.8,33.2,24.1,-92,20220820,7.932630206476972,2257.36331189182,2239.44773005141
2022-08-20,TNK_16,26,Ambient,25.816,6.6,98.5,50.8,33.3,25.4,-96.3,20220820,7.990845453198426,2280.20319399051,2260.82469659116
2022-08-20,TNK_18,12,Ambient,13.967,9.35,111.6,50.9,33.3,14.1,-93.6,20220820,8.044303873826642,2272.10671598968,2251.52137767947
2022-08-20,TNK_SMP,10,Sump,10.982,10.1,113.2,50.6,33,11.1,-90,20220820,8.005120127629931,2214.98437571314,2193.67439586757
2022-08-21,TNK_2,14,Low,12.589,10.2,121.2,50.3,32.9,13.9,-75.5,20220821,7.735765592753126,2295.85838883838,2294.54721899895
2022-08-21,TNK_3,16,Low,13.732,8.71,104,50.1,32.6,14.4,-75.2,20220821,7.721338824925144,2257.31550880304,2254.73866461491
2022-08-21,TNK_4,18,Low,15.831,8.19,101.7,50.7,33.3,16.4,-76.9,20220821,7.737317547569738,2365.70703174326,2361.65847435864
2022-08-21,TNK_5,20,Low,11.777,9.41,107.4,50.9,33.2,12.1,-73.1,20220821,7.700080797882298,2303.44318752073,2298.19018139184
2022-08-21,TNK_6,22,Low,17.357,7.77,99.3,50.6,33.3,17.5,-78.9,20220821,7.7607240794404015,2292.59194101709,2286.06034004553
2022-08-21,TNK_7,24,Low,22.056,7.45,102.5,50.1,32.8,22.1,-80,20220821,7.743308246116926,2296.17185028237,2288.32616058892
2022-08-21,TNK_8,26,Low,20.618,7.66,103.8,50.4,33.1,20.8,-81.4,20220821,7.778768966039594,2254.77409228404,2245.79092856977
2022-08-21,TNK_9,12,Low,12.4,12.57,118.2,51.1,33.3,12.6,-76.7,20220821,7.759346006829674,2280.98087955248,2270.60098931561
2022-08-21,TNK_10,14,Ambient,14.315,9.09,109.2,51,33.5,14.4,-87.4,20220821,7.933150906903488,2284.82225005071,2273.13185763999
2022-08-21,TNK_11,16,Ambient,16.282,8.85,108.6,50.3,33.2,16.5,-87.3,20220821,7.914831646945527,2271.72047974074,2258.81297701494
2022-08-21,TNK_12,18,Ambient,20.719,8.52,94.8,50.4,33,20.9,-87.4,20220821,7.880682800542506,2284.84505247732,2270.5728800882
2022-08-21,TNK_13,20,Ambient,23.512,6.97,99.5,50.5,33.1,23.7,-86.8,20220821,7.84851690424522,2248.39354727234,2233.08099189932
2022-08-21,TNK_14,22,Ambient,21.843,7.27,100.9,50.5,33.2,22,-74,20220821,7.643244018627657,2294.0192836439,2277.10365648146
2022-08-21,TNK_15,24,Ambient,29.71,7.65,101.4,50.6,33.4,30,-85.5,20220821,7.778397857942337,2257.36331189182,2239.44773005141
2022-08-21,TNK_16,26,Ambient,21.842,7.9,108.9,50.7,33.3,22,-86.1,20220821,7.850185382571748,2280.20319399051,2260.82469659116
2022-08-21,TNK_18,12,Ambient,12,10.61,124.2,51.4,33.7,12.8,-81.8,20220821,7.853497464629809,2272.10671598968,2251.52137767947
2022-08-21,TNK_SMP,10,Sump,10.699,9.73,109,51.3,33.5,10.6,-89.4,20220821,7.998121591813721,2214.98437571314,2193.67439586757
2022-08-22,TNK_2,14,Low,12.091,9.52,109.2,51,33.4,12.2,-64.4,20220822,7.544590200028649,2330.13792310998,2328.80717615217
2022-08-22,TNK_3,16,Low,13.188,8.83,104,51.2,33.6,13.4,-68.2,20220822,7.604603528363625,2334.39404241327,2331.72920903152
2022-08-22,TNK_4,18,Low,18.202,7.09,92.2,51.2,33.1,18.3,-66.7,20220822,7.5428965911704164,2345.60674908381,2341.59259035749
2022-08-22,TNK_5,20,Low,16.925,8.76,11.4,50.9,33.5,11.2,-70.2,20220822,7.613283218579896,2309.05626167513,2303.79045492103
2022-08-22,TNK_6,22,Low,21.527,7.06,97.7,51,33.6,21.7,-69.5,20220822,7.569408184389243,2332.7088389982,2326.06294487
2022-08-22,TNK_7,24,Low,20.129,7.83,104.6,50.6,33.3,19.7,-70.6,20220822,7.597339454204426,2344.94745303148,2336.93510410313
2022-08-22,TNK_8,26,Low,22.947,6.84,96.7,57,33.5,22.9,-68.6,20220822,7.544036951217258,2350.23394327319,2340.87046142748
2022-08-22,TNK_9,12,Low,11.693,10.6,121,50,33.4,12.2,-60.6,20220822,7.480037043356091,2343.95683298281,2333.29036275309
2022-08-22,TNK_10,14,Ambient,13.923,9.27,111,51.1,33.5,14.1,-79.1,20220822,7.790612438905946,2339.62466463359,2327.65387328526
2022-08-22,TNK_11,16,Ambient,15.674,8.78,108.8,57,33.5,15.8,-82.2,20220822,7.831442261259099,2337.64352912003,2324.36146361367
2022-08-22,TNK_12,18,Ambient,16.722,8.51,107.8,51,33.6,16.9,-79.7,20220822,7.780109684420863,2338.34317242632,2323.73682665875
2022-08-22,TNK_13,20,Ambient,18.511,8.41,109.6,50.9,33.5,18.7,-81.1,20220822,7.790543231396599,2340.03277984208,2324.09612072852
2022-08-22,TNK_14,22,Ambient,19.282,7.79,102.6,51.1,33.6,19.2,-78.7,20220822,7.743529359382984,2338.23312235786,2320.99147142726
2022-08-22,TNK_15,24,Ambient,21.274,7.67,105.2,51,33.5,21.4,-82.8,20220822,7.798606522898585,2346.18499720682,2327.56448135598
2022-08-22,TNK_16,26,Ambient,21.607,7.8,101,51.1,33.6,21.8,-82.4,20220822,7.789418621672956,2345.24024289865,2325.30902270405
2022-08-22,TNK_18,12,Ambient,12.013,10.68,122.6,52.6,34.5,12.2,-80.2,20220822,7.8271806903165775,2343.13601711704,2321.9071517298
2022-08-22,TNK_SMP,10,Sump,10.622,10.66,120.8,51.2,33.5,11.2,-82.9,20220822,7.883323882423879,2334.01483267842,2311.55968148684
2022-08-23,TNK_2,14,Low,13.927,10.65,126.6,51,33.5,14.1,-68.4,20220823,7.665331891091259,2330.13792310998,2328.80717615217
2022-08-23,TNK_3,16,Low,15.637,9.77,120.9,50.5,33.1,15.9,-70.1,20220823,7.680923072459235,2334.39404241327,2331.72920903152
2022-08-23,TNK_4,18,Low,17.414,8.38,107.5,50.4,33.2,17.7,-72.3,20220823,7.705592217536739,2345.60674908381,2341.59259035749
2022-08-23,TNK_5,20,Low,19.503,8.18,108.7,50.6,33.3,19.6,-71.9,20220823,7.682582673156656,2309.05626167513,2303.79045492103
2022-08-23,TNK_6,22,Low,22.047,6.63,91.9,50.2,32.9,22.2,-72.7,20220823,7.675611897764269,2332.7088389982,2326.06294487
2022-08-23,TNK_7,24,Low,22.31,6.46,89.5,50.8,33.4,22.3,-72.6,20220823,7.6729047991462975,2344.94745303148,2336.93510410313
2022-08-23,TNK_8,26,Low,25.679,5.39,79.8,50.6,33.3,25.7,-71,20220823,7.619422122978031,2350.23394327319,2340.87046142748
2022-08-23,TNK_9,12,Low,12.892,9.54,110.3,51.7,33.9,12.3,-62.8,20220823,7.575650798723985,2343.95683298281,2333.29036275309
2022-08-23,TNK_10,14,Ambient,14.1,8.62,103.4,50.6,33.2,14.3,-87.2,20220823,7.993108036145346,2339.62466463359,2327.65387328526
2022-08-23,TNK_11,16,Ambient,15.964,8.45,105,50.6,33,16.1,-87.6,20220823,7.983213026583922,2337.64352912003,2324.36146361367
2022-08-23,TNK_12,18,Ambient,17.424,7.79,99.5,50.5,33.2,17.6,-86.1,20220823,7.944863738795448,2338.34317242632,2323.73682665875
2022-08-23,TNK_13,20,Ambient,21.581,6.98,96.9,50.5,33.2,21.2,-90.6,20220823,7.985965191371934,2340.03277984208,2324.09612072852
2022-08-23,TNK_14,22,Ambient,21.965,7.19,99.1,50.7,33.3,21.8,-84.6,20220823,7.880315371884699,2338.23312235786,2320.99147142726
2022-08-23,TNK_15,24,Ambient,23.654,9.96,110,52.3,33.6,21,-80,20220823,7.788474297835299,2346.18499720682,2327.56448135598
2022-08-23,TNK_16,26,Ambient,25.673,8.8,110.4,50.6,31.2,25.6,-85.6,20220823,7.861747211431328,2345.24024289865,2325.30902270405
2022-08-23,TNK_18,12,Ambient,12.879,7.19,116.4,50.7,33.3,13,-88.9,20220823,8.03411192418192,2343.13601711704,2321.9071517298
2022-08-23,TNK_SMP,10,Sump,14.644,10.73,120.6,48.8,31.5,11.5,-86.6,20220823,7.973752873593051,2334.01483267842,2311.55968148684
2022-08-24,TNK_2,14,Low,13.8,10.54,126,50.5,33.1,14.3,-67,20220824,7.640733281486312,2330.13792310998,2328.80717615217
2022-08-24,TNK_3,16,Low,16.548,8.45,105.7,50.1,32.8,16.6,-71.4,20220824,7.695795786922284,2334.39404241327,2331.72920903152
2022-08-24,TNK_4,18,Low,18.448,8.25,107,50.3,33,18.5,-71.7,20220824,7.686671157353668,2345.60674908381,2341.59259035749
2022-08-24,TNK_5,20,Low,20.327,7.72,104.6,50.7,33.3,20.4,-71.7,20220824,7.672732965943444,2309.05626167513,2303.79045492103
2022-08-24,TNK_6,22,Low,22.149,7.16,99.9,50.7,33.3,22.2,-71.8,20220824,7.660297478573062,2332.7088389982,2326.06294487
2022-08-24,TNK_7,24,Low,22.445,7.51,104.4,50.4,33.1,22.5,-72.4,20220824,7.6678111407120815,2344.94745303148,2336.93510410313
2022-08-24,TNK_8,26,Low,25.106,6.4,95,50.7,33.3,26,-70.4,20220824,7.613702596293135,2350.23394327319,2340.87046142748
2022-08-24,TNK_9,12,Low,12.479,10.74,124.2,51.8,33.9,12.6,-64.6,20220824,7.610465410460343,2343.95683298281,2333.29036275309
2022-08-24,TNK_10,14,Ambient,13.994,9.35,111.9,50.8,33.3,14.2,-86.1,20220824,7.974982844165518,2339.62466463359,2327.65387328526
2022-08-24,TNK_11,16,Ambient,16.175,8.81,109.6,50.8,33.3,16.3,-85.6,20220824,7.9472314818470755,2337.64352912003,2324.36146361367
2022-08-24,TNK_12,18,Ambient,17.649,8.41,107.9,50.5,33.2,17.8,-85.5,20220824,7.932516477613676,2338.34317242632,2323.73682665875
2022-08-24,TNK_13,20,Ambient,21.765,8.18,113.1,50.4,33.1,21.9,-90.3,20220824,7.978997915420806,2340.03277984208,2324.09612072852
2022-08-24,TNK_14,22,Ambient,21.818,7.49,104,50.7,33.3,21.8,-84.1,20220824,7.873022553265054,2338.23312235786,2320.99147142726
2022-08-24,TNK_15,24,Ambient,23.942,7.58,110.2,50.5,33.1,24.1,-84.1,20220824,7.854635222246903,2346.18499720682,2327.56448135598
2022-08-24,TNK_16,26,Ambient,24.194,7.31,105.7,50.7,33.3,24.2,-89.3,20220824,7.941045352370749,2345.24024289865,2325.30902270405
2022-08-24,TNK_18,12,Ambient,12.661,10.6,124.1,50.6,33.1,13.1,-87.7,20220824,8.014408189423598,2343.13601711704,2321.9071517298
2022-08-24,TNK_SMP,10,Sump,9.8,10.62,119.1,50.8,33.3,11.4,-85.3,20220824,7.997819675830716,2334.01483267842,2311.55968148684
2022-08-25,TNK_2,14,Low,14.201,9.93,119.4,50,32.8,14.5,-49.4,20220825,7.679666116635773,2330.13792310998,2328.80717615217
2022-08-25,TNK_3,16,Low,16.246,8.93,111.1,49.7,32.6,16.4,-52.4,20220825,7.715428667317141,2334.39404241327,2331.72920903152
2022-08-25,TNK_4,18,Low,17.974,7.84,100.8,49.8,32.7,18,-51.5,20220825,7.686316019906425,2345.60674908381,2341.59259035749
2022-08-25,TNK_5,20,Low,19.717,7.46,99.4,49.3,32.3,20,-43.3,20220825,7.530597294434135,2309.05626167513,2303.79045492103
2022-08-25,TNK_6,22,Low,22.022,6.73,93.4,49.2,32.2,22.3,-58.8,20220825,7.778069189914332,2332.7088389982,2326.06294487
2022-08-25,TNK_7,24,Low,22.625,6.22,87.8,49.14,32.1,23.5,-63.5,20220825,7.852979627495932,2344.94745303148,2336.93510410313
2022-08-25,TNK_8,26,Low,22.212,6.07,89.4,49.78,32.5,26.1,-45.4,20220825,7.548473775899138,2350.23394327319,2340.87046142748
2022-08-25,TNK_9,12,Low,12.375,9.53,110.1,50.6,32.9,12.2,-47.2,20220825,7.655477311548339,2343.95683298281,2333.29036275309
2022-08-25,TNK_10,14,Ambient,14.793,8.49,101.2,49.8,32.6,14.4,-70.8,20220825,8.049097689546572,2339.62466463359,2327.65387328526
2022-08-25,TNK_11,16,Ambient,15.8,7.87,97.3,49.7,32.5,16,-63.8,20220825,7.917590409512792,2337.64352912003,2324.36146361367
2022-08-25,TNK_12,18,Ambient,18.224,7.25,93.5,49.6,32.5,18.4,-64.8,20220825,7.913937582298401,2338.34317242632,2323.73682665875
2022-08-25,TNK_13,20,Ambient,19.982,7.35,97.2,49.4,32.3,19.9,-67.5,20220825,7.944711165563246,2340.03277984208,2324.09612072852
2022-08-25,TNK_14,22,Ambient,21.709,7.1,98.6,49.7,32.6,22,-65.2,20220825,7.89087290694992,2338.23312235786,2320.99147142726
2022-08-25,TNK_15,24,Ambient,23.556,6.69,96.4,49.3,32.3,24.5,-54.3,20220825,7.689190169603741,2346.18499720682,2327.56448135598
2022-08-25,TNK_16,26,Ambient,23.333,6.59,95.4,49.8,32.6,24.3,-68.5,20220825,7.932951719452222,2345.24024289865,2325.30902270405
2022-08-25,TNK_18,12,Ambient,12.903,9.64,111.5,50.2,32.9,13,-65,20220825,7.9649809458898835,2343.13601711704,2321.9071517298
2022-08-25,TNK_SMP,10,Sump,11.584,10.04,112.8,49.2,31.9,11.3,-23,20220825,7.230792899809824,2334.01483267842,2311.55968148684
2022-08-26,TNK_2,14,Low,14.025,10.31,99.6,50.4,33.1,13.8,-46.3,20220826,7.627378050578859,2330.13792310998,2328.80717615217
2022-08-26,TNK_3,16,Low,16.302,7.68,9.57,49.9,32.7,16.4,-48.3,20220826,7.643828111192456,2334.39404241327,2331.72920903152
2022-08-26,TNK_4,18,Low,18.681,6.7,87.4,49.8,32.7,18.8,-50.3,20220826,7.660014073353263,2345.60674908381,2341.59259035749
2022-08-26,TNK_5,20,Low,20.743,7.04,95.8,49.7,32.6,20.9,-42.5,20220826,7.509958710402008,2309.05626167513,2303.79045492103
2022-08-26,TNK_6,22,Low,22.617,6.05,84.7,49.7,32.6,22.8,-50.4,20220826,7.630845532051807,2332.7088389982,2326.06294487
2022-08-26,TNK_7,24,Low,24.084,6.79,97.7,49.8,32.6,24.1,-50.9,20220826,7.627918786657961,2344.94745303148,2336.93510410313
2022-08-26,TNK_8,26,Low,22.802,6.5,91.3,49.9,32.7,22.9,-50.4,20220826,7.629611383120305,2350.23394327319,2340.87046142748
2022-08-26,TNK_9,12,Low,12.318,9.43,107.5,50,32.7,12.5,-52.5,20220826,7.748989125648441,2343.95683298281,2333.29036275309
2022-08-26,TNK_10,14,Ambient,14.022,8.7,103.4,49.81,32.6,14.2,-62.7,20220826,7.913997874889208,2339.62466463359,2327.65387328526
2022-08-26,TNK_11,16,Ambient,16.022,7.76,96.5,49.9,32.7,16.1,-55.4,20220826,7.769735910037687,2337.64352912003,2324.36146361367
2022-08-26,TNK_12,18,Ambient,17.901,7.65,98.5,49.8,32.7,18.1,-54.8,20220826,7.744034543683667,2338.34317242632,2323.73682665875
2022-08-26,TNK_13,20,Ambient,20.017,7.71,103.3,49.6,32.5,20.1,-64,20220826,7.884667134029015,2340.03277984208,2324.09612072852
2022-08-26,TNK_14,22,Ambient,21.749,7.07,97.2,49.8,32.6,22,-61.8,20220826,7.83242190101863,2338.23312235786,2320.99147142726
2022-08-26,TNK_15,24,Ambient,25.201,7.02,102.7,49.8,32.6,25.3,-49.3,20220826,7.592178463402487,2346.18499720682,2327.56448135598
2022-08-26,TNK_16,26,Ambient,24.905,6.48,93.8,49.9,32.7,25.1,-63.2,20220826,7.82968838774178,2345.24024289865,2325.30902270405
2022-08-26,TNK_18,12,Ambient,12.914,9.25,107.8,50.8,33.3,13,-61.7,20220826,7.907742206962899,2343.13601711704,2321.9071517298
2022-08-26,TNK_SMP,10,Sump,11.442,12.04,124.8,49.8,32.1,11.4,-60.8,20220826,7.901572142201844,2334.01483267842,2311.55968148684
2022-08-27,TNK_2,14,Low,12.51,9.81,113.6,49.6,32.5,12.8,-49.8,20220827,7.699303242586849,2495.24113690739,2493.81609913646
2022-08-27,TNK_3,16,Low,16.315,8.41,104.9,50,32.8,16.4,-50.5,20220827,7.682264599776859,2457.24596851574,2454.44089320922
2022-08-27,TNK_4,18,Low,18.143,7.58,97.8,49.9,32.8,18.2,-54.3,20220827,7.733651551142117,2506.86366292213,2502.57353685895
2022-08-27,TNK_5,20,Low,20.298,7.48,100.5,49.8,32.6,20.4,-45.5,20220827,7.564743914863168,2455.27264560681,2449.67339213906
2022-08-27,TNK_6,22,Low,22.492,6.96,97.2,50,32.8,22.5,-56.3,20220827,7.7328066538802,2446.67043992781,2439.69986887389
2022-08-27,TNK_7,24,Low,25.085,7.11,103.7,49.7,32.2,25.2,-61.7,20220827,7.801847538633448,2458.15253517755,2449.75338072934
2022-08-27,TNK_8,26,Low,25.282,6.57,96.6,50.1,32.8,25.4,-60.5,20220827,7.781080276569638,2446.7281204254,2436.98019962689
2022-08-27,TNK_9,12,Low,12.446,9.46,111.09,49.7,32.2,12.7,-62.8,20220827,7.928473108323154,2451.27641769483,2440.12157620361
2022-08-27,TNK_10,14,Ambient,13.927,8.6,102.3,50.1,32.8,14,-68.3,20220827,8.013618229013375,2445.80906477528,2433.29497632561
2022-08-27,TNK_11,16,Ambient,16.347,8.31,103.8,50,32.7,16.5,-69.6,20220827,8.014285781103368,2455.20146998725,2441.25146163505
2022-08-27,TNK_12,18,Ambient,18.346,7.69,99.8,49.9,32.8,18.4,-71.6,20220827,8.031120454656987,2454.74029958426,2439.4068848793
2022-08-27,TNK_13,20,Ambient,21.212,7.67,104.9,49.8,32.7,21.3,-67.1,20220827,7.927910358851486,2455.90236756156,2439.17658526261
2022-08-27,TNK_14,22,Ambient,21.912,7.16,99.3,50,32.8,22.1,-68.2,20220827,7.940778110875427,2469.86585880846,2451.65357510766
2022-08-27,TNK_15,24,Ambient,25.873,7.03,104.1,49.8,31.6,26,-68.4,20220827,7.907046174683602,2465.15285146374,2445.5881462934
2022-08-27,TNK_16,26,Ambient,27.728,6.28,100.6,50.6,31.1,27.8,-66.3,20220827,7.854802450612064,2459.57292357474,2438.67003753869
2022-08-27,TNK_18,12,Ambient,13.004,10.07,118,50.7,33.2,13.2,-64.3,20220827,7.952503847528612,2457.06100018823,2434.79997187395
2022-08-27,TNK_SMP,10,Sump,11.841,9.86,112.8,50.2,32.8,11.8,-67.7,20220827,8.021904477996584,2473.70771917376,2449.90860699156
2022-08-28,TNK_2,14,Low,13.786,9.98,126.2,49.8,32.6,13.8,-49.6,20220828,7.68595424173768,2495.24113690739,2493.81609913646
2022-08-28,TNK_3,16,Low,16.214,8.67,104.4,50,32.9,16.2,-50.6,20220828,7.685036105213552,2457.24596851574,2454.44089320922
2022-08-28,TNK_4,18,Low,18.089,7.56,95.6,49.8,32.8,18.1,-54.4,20220828,7.735817495400551,2506.86366292213,2502.57353685895
2022-08-28,TNK_5,20,Low,20.187,7.34,99.8,49.7,32.7,20.2,-54.8,20220828,7.725575415198732,2455.27264560681,2449.67339213906
2022-08-28,TNK_6,22,Low,22.213,7.14,103.9,50,32.9,22.2,-56.2,20220828,7.733576420951051,2446.67043992781,2439.69986887389
2022-08-28,TNK_7,24,Low,25.067,6.87,104.1,49.8,32.6,25,-61.7,20220828,7.802767640949039,2458.15253517755,2449.75338072934
2022-08-28,TNK_8,26,Low,26.103,6.49,96.8,50.1,32.9,26.1,-60.4,20220828,7.772728741082681,2446.7281204254,2436.98019962689
2022-08-28,TNK_9,12,Low,12.454,9.46,112.56,50.1,32.6,12.4,-62.7,20220828,7.92762854469048,2451.27641769483,2440.12157620361
2022-08-28,TNK_10,14,Ambient,13.933,8.7,104.6,50.2,32.9,14,-68.9,20220828,8.024341083724964,2445.80906477528,2433.29497632561
2022-08-28,TNK_11,16,Ambient,16.312,8.22,102.8,50.1,32.6,16.4,-69.6,20220828,8.014368265506782,2455.20146998725,2441.25146163505
2022-08-28,TNK_12,18,Ambient,18.258,7.89,99.9,49.9,32.8,18.3,-69.9,20220828,8.002519420371614,2454.74029958426,2439.4068848793
2022-08-28,TNK_13,20,Ambient,20.372,7.63,105.2,49.8,32.7,20.3,-67.2,20220828,7.936992878004402,2455.90236756156,2439.17658526261
2022-08-28,TNK_14,22,Ambient,21.876,6.99,99.1,50.1,32.9,22.2,-68.2,20220828,7.941305580575657,2469.86585880846,2451.65357510766
2022-08-28,TNK_15,24,Ambient,25.969,7.01,104.3,50.1,32.7,26,-68.4,20220828,7.908256713873129,2465.15285146374,2445.5881462934
2022-08-28,TNK_16,26,Ambient,26.897,5.98,99.8,50.6,32.9,26.9,-69.2,20220828,7.913907758666476,2459.57292357474,2438.67003753869
2022-08-28,TNK_18,12,Ambient,12.034,10.32,118.2,50.8,33.2,12,-64.4,20220828,7.962846954354121,2457.06100018823,2434.79997187395
2022-08-28,TNK_SMP,10,Sump,11.812,10.54,114.9,50.2,32.8,11.8,-67.6,20220828,8.020398745251311,2473.70771917376,2449.90860699156
2022-08-29,TNK_2,14,Low,13.1984,9.95,103.9,50,32.8,13.4,-49.9,20220829,7.677491009924448,2495.24113690739,2493.81609913646
2022-08-29,TNK_3,16,Low,18.216,7.47,96.4,50.1,32.8,18.2,-49.9,20220829,7.647697656590166,2457.24596851574,2454.44089320922
2022-08-29,TNK_4,18,Low,19.876,7.23,95.5,50.1,32.8,19.9,-56.2,20220829,7.746226990646821,2506.86366292213,2502.57353685895
2022-08-29,TNK_5,20,Low,22.304,7.89,99,50,32.8,22.4,-48.4,20220829,7.597906763546611,2455.27264560681,2449.67339213906
2022-08-29,TNK_6,22,Low,26.585,7.13,95,50,32.7,26.8,-58.3,20220829,7.739069680514941,2446.67043992781,2439.69986887389
2022-08-29,TNK_7,24,Low,26.506,7.71,104.7,50,32.7,27.1,-60.6,20220829,7.778261478820104,2458.15253517755,2449.75338072934
2022-08-29,TNK_8,26,Low,32.583,6.32,88.7,50.4,32.8,32.8,-62.6,20220829,7.77113039361264,2446.7281204254,2436.98019962689
2022-08-29,TNK_9,12,Low,12.883,10.38,120.5,51.2,33.6,13,-63.4,20220829,7.919236652068312,2451.27641769483,2440.12157620361
2022-08-29,TNK_10,14,Ambient,13.955,9.08,107.8,50,32.7,14.1,-70.4,20220829,8.03258967171219,2445.80906477528,2433.29497632561
2022-08-29,TNK_11,16,Ambient,17.552,7.9,100.7,49.9,32.7,17.7,-71,20220829,8.017202133486828,2455.20146998725,2441.25146163505
2022-08-29,TNK_12,18,Ambient,20.125,7.52,101,49.9,32.7,20.3,-72.9,20220829,8.031424541420373,2454.74029958426,2439.4068848793
2022-08-29,TNK_13,20,Ambient,22.25,7.56,105.2,50,32.5,22.4,-70.7,20220829,7.978057954813873,2455.90236756156,2439.17658526261
2022-08-29,TNK_14,22,Ambient,26.056,8.1,100,50,32.7,26.3,-66.5,20220829,7.880597086062331,2469.86585880846,2451.65357510766
2022-08-29,TNK_15,24,Ambient,27.421,7.05,105.9,50,32.7,27.6,-69.2,20220829,7.916439915536256,2465.15285146374,2445.5881462934
2022-08-29,TNK_16,26,Ambient,29.643,6.55,86,50.5,32.9,29.8,-66.9,20220829,7.862771012614955,2459.57292357474,2438.67003753869
2022-08-29,TNK_18,12,Ambient,13.444,11.69,113.2,50.7,33.2,13.7,-65.2,20220829,7.946063963528901,2457.06100018823,2434.79997187395
2022-08-29,TNK_SMP,10,Sump,10.875,10.63,114.7,50.2,32.8,11,-69.6,20220829,8.040963387336417,2473.70771917376,2449.90860699156
2022-08-30,TNK_2,14,Low,12.375,10.37,119.7,49.9,32.6,12.6,-49.4,20220830,7.671571596744609,2495.24113690739,2493.81609913646
2022-08-30,TNK_3,16,Low,16.358,9.53,118.4,49.8,32.6,16.4,-46.8,20220830,7.6033348261204114,2457.24596851574,2454.44089320922
2022-08-30,TNK_4,18,Low,18.316,7.37,94.9,49.9,32.7,18.4,-50.4,20220830,7.654865661190527,2506.86366292213,2502.57353685895
2022-08-30,TNK_5,20,Low,20.534,7.51,101.5,49.9,32.7,20.7,-44.9,20220830,7.547609595242958,2455.27264560681,2449.67339213906
2022-08-30,TNK_6,22,Low,22.515,7.06,98.9,49.9,32.7,22.8,-50.9,20220830,7.639003759582289,2446.67043992781,2439.69986887389
2022-08-30,TNK_7,24,Low,23.712,7.12,101.9,49.8,32.6,23.9,-51,20220830,7.633496663183668,2458.15253517755,2449.75338072934
2022-08-30,TNK_8,26,Low,24.73,6.76,98.1,49.9,32.7,24.8,-50.3,20220830,7.615878890981951,2446.7281204254,2436.98019962689
2022-08-30,TNK_9,12,Low,12.42,9.86,110.9,49.8,32.6,12.6,-51.1,20220830,7.701312600972992,2451.27641769483,2440.12157620361
2022-08-30,TNK_10,14,Ambient,13.86,8.82,104.2,49.8,32.6,14,-61,20220830,7.866673504404548,2445.80906477528,2433.29497632561
2022-08-30,TNK_11,16,Ambient,15.904,8.31,102.8,49.8,32.6,16.1,-61.4,20220830,7.860431063319382,2455.20146998725,2441.25146163505
2022-08-30,TNK_12,18,Ambient,17.821,8.08,103.8,49.9,32.6,17.9,-60.1,20220830,7.825521403091441,2454.74029958426,2439.4068848793
2022-08-30,TNK_13,20,Ambient,20.214,7.89,106.1,49.7,32.6,20.6,-59.3,20220830,7.796529296290346,2455.90236756156,2439.17658526261
2022-08-30,TNK_14,22,Ambient,23.919,6.99,100.6,49.6,32.6,24.2,-59.3,20220830,7.773093108860931,2469.86585880846,2451.65357510766
2022-08-30,TNK_15,24,Ambient,22.755,7.55,106.9,49.5,32.4,22.9,-58.9,20220830,7.773241945300165,2465.15285146374,2445.5881462934
2022-08-30,TNK_16,26,Ambient,25.135,6.2,90.8,49.7,32.5,25.5,-57.7,20220830,7.738157108120408,2459.57292357474,2438.67003753869
2022-08-30,TNK_18,12,Ambient,13.097,8.93,104.3,50,32.7,13.2,-57.9,20220830,7.817291767725925,2457.06100018823,2434.79997187395
2022-08-30,TNK_SMP,10,Sump,10.006,10.89,116.3,49.9,32.7,10,-58,20220830,7.838682975445859,2473.70771917376,2449.90860699156
2022-08-31,TNK_2,14,Low,13.895,9.73,115.5,50.6,32.9,14,-48.4,20220831,7.646806479514408,2495.24113690739,2493.81609913646
2022-08-31,TNK_3,16,Low,16.613,8.48,106.4,49.9,32.7,16.8,-45.2,20220831,7.5749074638464995,2457.24596851574,2454.44089320922
2022-08-31,TNK_4,18,Low,18.609,7.53,98,49.9,32.7,18.7,-49.9,20220831,7.644936896639795,2506.86366292213,2502.57353685895
2022-08-31,TNK_5,20,Low,20.653,7.29,98.5,50.1,32.9,20.7,-45.2,20220831,7.552753679528807,2455.27264560681,2449.67339213906
2022-08-31,TNK_6,22,Low,22.484,6.5,91.1,49.9,32.7,22.6,-51.5,20220831,7.649467424725945,2446.67043992781,2439.69986887389
2022-08-31,TNK_7,24,Low,24.589,6.69,97.7,49.9,32.7,24.7,-49.9,20220831,7.609796136839165,2458.15253517755,2449.75338072934
2022-08-31,TNK_8,26,Low,28.856,5.87,90.4,50.6,33.1,29.1,-43.4,20220831,7.476716632680513,2446.7281204254,2436.98019962689
2022-08-31,TNK_9,12,Low,12.385,9.56,110.1,49.7,32.5,12.6,-51.3,20220831,7.705799004974821,2451.27641769483,2440.12157620361
2022-08-31,TNK_10,14,Ambient,13.907,8.67,103.2,50,32.8,14,-60.5,20220831,7.858928674484192,2445.80906477528,2433.29497632561
2022-08-31,TNK_11,16,Ambient,15.98,8.17,101.5,50,32.8,16.1,-61.2,20220831,7.857576925992887,2455.20146998725,2441.25146163505
2022-08-31,TNK_12,18,Ambient,18.072,7.63,98.5,50,32.8,18.2,-60.8,20220831,7.836944881213227,2454.74029958426,2439.4068848793
2022-08-31,TNK_13,20,Ambient,20.455,7.54,101.9,49.9,32.7,20.7,-59.6,20220831,7.800609035099726,2455.90236756156,2439.17658526261
2022-08-31,TNK_14,22,Ambient,23.573,6.91,98.2,50.1,32.8,23.7,-58.9,20220831,7.768849051596415,2469.86585880846,2451.65357510766
2022-08-31,TNK_15,24,Ambient,25.052,6.31,93.3,49.9,32.7,25.3,-58.7,20220831,7.755787701389656,2465.15285146374,2445.5881462934
2022-08-31,TNK_16,26,Ambient,25.598,6.34,93.4,50.4,33,25.9,-57.9,20220831,7.739370993150191,2459.57292357474,2438.67003753869
2022-08-31,TNK_18,12,Ambient,13.106,8.99,107.4,50.2,32.9,14.3,-60.6,20220831,7.866193230154179,2457.06100018823,2434.79997187395
2022-08-31,TNK_SMP,10,Sump,10.009,9.62,109.6,50.1,32.8,13.2,-49.2,20220831,7.683526786075228,2473.70771917376,2449.90860699156
2022-09-01,TNK_2,14,Low,13.868,9.83,116.5,50.8,33.3,14,-43.3,20220901,7.558394195548322,2495.24113690739,2493.81609913646
2022-09-01,TNK_3,16,Low,16.899,8.85,111.6,50.1,32.9,16.9,-52,20220901,7.691925040044065,2457.24596851574,2454.44089320922
2022-09-01,TNK_4,18,Low,18.388,7.49,97.3,50.1,32.9,18.5,-41.7,20220901,7.504931546270766,2506.86366292213,2502.57353685895
2022-09-01,TNK_5,20,Low,20.823,7.22,98.2,50.2,33,20.9,-50.5,20220901,7.642877733587651,2455.27264560681,2449.67339213906
2022-09-01,TNK_6,22,Low,22.533,6.47,90.7,50,32.8,22.6,-48.7,20220901,7.601656516960355,2446.67043992781,2439.69986887389
2022-09-01,TNK_7,24,Low,24.468,6.93,100.5,50,32.8,24.6,-47.3,20220901,7.566679644892387,2458.15253517755,2449.75338072934
2022-09-01,TNK_8,26,Low,27.221,5.34,81.9,50.7,33.2,28.3,-48.2,20220901,7.566620411771781,2446.7281204254,2436.98019962689
2022-09-01,TNK_9,12,Low,12.296,9.05,103.8,50,32.7,12.4,-48,20220901,7.648567674133294,2451.27641769483,2440.12157620361
2022-09-01,TNK_10,14,Ambient,13.932,8.48,101,50.2,32.9,14.1,-66.8,20220901,7.969606273672824,2445.80906477528,2433.29497632561
2022-09-01,TNK_11,16,Ambient,15.924,8.04,99.7,50.3,33,16.1,-64.3,20220901,7.912462760200319,2455.20146998725,2441.25146163505
2022-09-01,TNK_12,18,Ambient,17.913,7.35,94.8,50.2,32.9,18.1,-64.3,20220901,7.898811781131986,2454.74029958426,2439.4068848793
2022-09-01,TNK_13,20,Ambient,20.593,7.5,101.4,49.5,32.7,20.6,-65.1,20220901,7.89408495934637,2455.90236756156,2439.17658526261
2022-09-01,TNK_14,22,Ambient,22.743,6.95,97,50.2,33,22.8,-61.4,20220901,7.817159475869513,2469.86585880846,2451.65357510766
2022-09-01,TNK_15,24,Ambient,24.379,6.33,91.2,50.4,33,24.9,-63.9,20220901,7.848772563752617,2465.15285146374,2445.5881462934
2022-09-01,TNK_16,26,Ambient,24.673,6.83,98.5,50.2,32.9,24.7,-59.4,20220901,7.770453140904422,2459.57292357474,2438.67003753869
2022-09-01,TNK_18,12,Ambient,13.564,8.52,101.5,50.1,32.8,13.9,-64.3,20220901,7.927973440471585,2457.06100018823,2434.79997187395
2022-09-01,TNK_SMP,10,Sump,9.521,9.46,110.6,49.8,32.5,9.6,-61.5,20220901,7.904946335717988,2473.70771917376,2449.90860699156
